Datetime,DOM_MW
2005-05-01,7812.347826086957
2005-05-02,8608.083333333334
2005-05-03,8665.0
2005-05-04,8628.791666666666
2005-05-05,8702.541666666666
2005-05-06,9008.541666666666
2005-05-07,8302.125
2005-05-08,7772.0
2005-05-09,8798.5
2005-05-10,8928.25
2005-05-11,9462.583333333334
2005-05-12,9744.166666666666
2005-05-13,8482.375
2005-05-14,8625.208333333334
2005-05-15,8615.041666666666
2005-05-16,8917.291666666666
2005-05-17,8766.0
2005-05-18,8937.208333333334
2005-05-19,8767.458333333334
2005-05-20,8664.5
2005-05-21,7983.041666666667
2005-05-22,8002.958333333333
2005-05-23,9029.375
2005-05-24,8655.666666666666
2005-05-25,8683.083333333334
2005-05-26,8932.666666666666
2005-05-27,9264.5
2005-05-28,8419.458333333334
2005-05-29,8070.208333333333
2005-05-30,8400.166666666666
2005-05-31,9445.875
2005-06-01,9238.708333333334
2005-06-02,8837.125
2005-06-03,8998.291666666666
2005-06-04,8890.916666666666
2005-06-05,10258.875
2005-06-06,12435.333333333334
2005-06-07,12342.625
2005-06-08,12617.0
2005-06-09,12723.416666666666
2005-06-10,12583.125
2005-06-11,12078.458333333334
2005-06-12,11782.125
2005-06-13,13407.458333333334
2005-06-14,14056.791666666666
2005-06-15,13772.458333333334
2005-06-16,12423.208333333334
2005-06-17,10971.75
2005-06-18,9756.333333333334
2005-06-19,10085.583333333334
2005-06-20,9717.041666666666
2005-06-21,10234.375
2005-06-22,11062.416666666666
2005-06-23,11166.875
2005-06-24,11446.958333333334
2005-06-25,11231.375
2005-06-26,10850.166666666666
2005-06-27,12595.375
2005-06-28,13182.041666666666
2005-06-29,11980.916666666666
2005-06-30,12438.666666666666
2005-07-01,13236.625
2005-07-02,11895.5
2005-07-03,10694.625
2005-07-04,10951.25
2005-07-05,11914.625
2005-07-06,12688.958333333334
2005-07-07,11921.333333333334
2005-07-08,11537.375
2005-07-09,11363.791666666666
2005-07-10,11676.833333333334
2005-07-11,12765.708333333334
2005-07-12,13517.416666666666
2005-07-13,13081.666666666666
2005-07-14,12500.666666666666
2005-07-15,12580.0
2005-07-16,12735.125
2005-07-17,12626.666666666666
2005-07-18,13942.375
2005-07-19,14238.708333333334
2005-07-20,13946.875
2005-07-21,13854.833333333334
2005-07-22,13753.708333333334
2005-07-23,12834.625
2005-07-24,11559.041666666666
2005-07-25,13401.625
2005-07-26,14877.083333333334
2005-07-27,15435.75
2005-07-28,13024.041666666666
2005-07-29,11671.583333333334
2005-07-30,11257.125
2005-07-31,10797.833333333334
2005-08-01,12341.208333333334
2005-08-02,13129.625
2005-08-03,13904.666666666666
2005-08-04,14084.583333333334
2005-08-05,14076.333333333334
2005-08-06,12977.041666666666
2005-08-07,12204.583333333334
2005-08-08,12751.416666666666
2005-08-09,11740.0
2005-08-10,12574.833333333334
2005-08-11,13641.583333333334
2005-08-12,14286.916666666666
2005-08-13,14106.291666666666
2005-08-14,13966.041666666666
2005-08-15,14385.583333333334
2005-08-16,13186.625
2005-08-17,12390.333333333334
2005-08-18,12113.625
2005-08-19,11705.75
2005-08-20,12733.5
2005-08-21,13517.541666666666
2005-08-22,13124.833333333334
2005-08-23,11622.333333333334
2005-08-24,11720.375
2005-08-25,11205.375
2005-08-26,10524.25
2005-08-27,9940.5
2005-08-28,11356.708333333334
2005-08-29,12784.291666666666
2005-08-30,13251.75
2005-08-31,13795.5
2005-09-01,12172.666666666666
2005-09-02,12044.458333333334
2005-09-03,10861.75
2005-09-04,9912.333333333334
2005-09-05,10086.625
2005-09-06,10561.875
2005-09-07,10554.333333333334
2005-09-08,10671.083333333334
2005-09-09,10816.208333333334
2005-09-10,10381.916666666666
2005-09-11,9907.708333333334
2005-09-12,10817.875
2005-09-13,11393.708333333334
2005-09-14,12334.083333333334
2005-09-15,12758.833333333334
2005-09-16,12740.041666666666
2005-09-17,11988.583333333334
2005-09-18,11240.75
2005-09-19,11755.291666666666
2005-09-20,12134.583333333334
2005-09-21,11359.25
2005-09-22,11420.875
2005-09-23,12208.416666666666
2005-09-24,10186.958333333334
2005-09-25,9846.75
2005-09-26,11113.25
2005-09-27,10597.125
2005-09-28,9747.666666666666
2005-09-29,9905.708333333334
2005-09-30,8994.5
2005-10-01,8569.875
2005-10-02,8740.125
2005-10-03,9664.583333333334
2005-10-04,10047.791666666666
2005-10-05,10526.083333333334
2005-10-06,10889.875
2005-10-07,10776.75
2005-10-08,9925.875
2005-10-09,8386.75
2005-10-10,9000.541666666666
2005-10-11,9193.041666666666
2005-10-12,8962.833333333334
2005-10-13,8729.875
2005-10-14,8786.333333333334
2005-10-15,8283.041666666666
2005-10-16,7913.833333333333
2005-10-17,8688.5
2005-10-18,8943.666666666666
2005-10-19,9093.083333333334
2005-10-20,9133.083333333334
2005-10-21,8874.166666666666
2005-10-22,8443.666666666666
2005-10-23,8085.625
2005-10-24,9099.125
2005-10-25,9701.791666666666
2005-10-26,9693.75
2005-10-27,9781.333333333334
2005-10-28,9664.875
2005-10-29,9440.291666666666
2005-10-30,9134.826086956522
2005-10-31,9393.375
2005-11-01,9120.875
2005-11-02,8933.75
2005-11-03,9421.791666666666
2005-11-04,9027.125
2005-11-05,8295.416666666666
2005-11-06,8143.833333333333
2005-11-07,8743.291666666666
2005-11-08,8935.708333333334
2005-11-09,8892.958333333334
2005-11-10,8955.625
2005-11-11,9558.583333333334
2005-11-12,9226.25
2005-11-13,8566.166666666666
2005-11-14,8785.208333333334
2005-11-15,8959.583333333334
2005-11-16,9042.833333333334
2005-11-17,9669.208333333334
2005-11-18,10975.0
2005-11-19,10614.958333333334
2005-11-20,9435.833333333334
2005-11-21,9877.25
2005-11-22,10236.083333333334
2005-11-23,11187.458333333334
2005-11-24,9681.583333333334
2005-11-25,11130.25
2005-11-26,10896.791666666666
2005-11-27,10005.25
2005-11-28,9392.791666666666
2005-11-29,9068.125
2005-11-30,9160.833333333334
2005-12-01,10551.25
2005-12-02,11160.583333333334
2005-12-03,11291.125
2005-12-04,9810.375
2005-12-05,11580.916666666666
2005-12-06,12099.125
2005-12-07,12562.25
2005-12-08,12691.291666666666
2005-12-09,11951.041666666666
2005-12-10,11859.208333333334
2005-12-11,11001.166666666666
2005-12-12,11598.375
2005-12-13,12638.666666666666
2005-12-14,13799.333333333334
2005-12-15,12734.0
2005-12-16,10995.083333333334
2005-12-17,11305.375
2005-12-18,11075.5
2005-12-19,12146.416666666666
2005-12-20,12884.583333333334
2005-12-21,12969.541666666666
2005-12-22,12775.291666666666
2005-12-23,11382.166666666666
2005-12-24,10021.458333333334
2005-12-25,9690.666666666666
2005-12-26,9877.375
2005-12-27,10813.791666666666
2005-12-28,10784.208333333334
2005-12-29,9882.291666666666
2005-12-30,10328.791666666666
2005-12-31,10043.458333333334
2006-01-01,9773.458333333334
2006-01-02,10869.958333333334
2006-01-03,10637.541666666666
2006-01-04,11062.208333333334
2006-01-05,10483.291666666666
2006-01-06,11135.291666666666
2006-01-07,11755.125
2006-01-08,10746.416666666666
2006-01-09,9994.541666666666
2006-01-10,9899.333333333334
2006-01-11,10015.875
2006-01-12,9550.791666666666
2006-01-13,9505.0
2006-01-14,9436.916666666666
2006-01-15,11314.583333333334
2006-01-16,11207.458333333334
2006-01-17,10902.583333333334
2006-01-18,10088.625
2006-01-19,10956.75
2006-01-20,9963.416666666666
2006-01-21,9213.291666666666
2006-01-22,10218.0
2006-01-23,10996.416666666666
2006-01-24,10385.0
2006-01-25,11052.625
2006-01-26,11971.333333333334
2006-01-27,11848.458333333334
2006-01-28,10263.0
2006-01-29,9333.5
2006-01-30,9359.916666666666
2006-01-31,10023.583333333334
2006-02-01,10866.541666666666
2006-02-02,10488.666666666666
2006-02-03,9130.041666666666
2006-02-04,9082.0
2006-02-05,9989.75
2006-02-06,11285.708333333334
2006-02-07,11168.958333333334
2006-02-08,11750.208333333334
2006-02-09,11974.875
2006-02-10,11888.0
2006-02-11,11215.625
2006-02-12,11483.125
2006-02-13,12304.25
2006-02-14,11504.0
2006-02-15,10311.041666666666
2006-02-16,9700.958333333334
2006-02-17,9171.958333333334
2006-02-18,10710.25
2006-02-19,12690.833333333334
2006-02-20,12033.458333333334
2006-02-21,11091.291666666666
2006-02-22,11411.291666666666
2006-02-23,10563.041666666666
2006-02-24,10701.041666666666
2006-02-25,10497.0
2006-02-26,11156.458333333334
2006-02-27,12393.291666666666
2006-02-28,10921.916666666666
2006-03-01,10569.541666666666
2006-03-02,10039.875
2006-03-03,10396.166666666666
2006-03-04,10693.875
2006-03-05,10084.458333333334
2006-03-06,10795.041666666666
2006-03-07,10903.0
2006-03-08,10886.041666666666
2006-03-09,9598.166666666666
2006-03-10,8844.75
2006-03-11,8214.416666666666
2006-03-12,8204.0
2006-03-13,9256.208333333334
2006-03-14,8871.291666666666
2006-03-15,9541.291666666666
2006-03-16,9822.958333333334
2006-03-17,9536.083333333334
2006-03-18,9770.875
2006-03-19,9746.791666666666
2006-03-20,10308.958333333334
2006-03-21,11209.375
2006-03-22,11116.541666666666
2006-03-23,10518.416666666666
2006-03-24,10114.791666666666
2006-03-25,9699.75
2006-03-26,9758.75
2006-03-27,9927.041666666666
2006-03-28,9735.75
2006-03-29,9228.0
2006-03-30,9307.833333333334
2006-03-31,8950.916666666666
2006-04-01,8230.708333333334
2006-04-02,7934.478260869565
2006-04-03,8739.708333333334
2006-04-04,8702.208333333334
2006-04-05,9268.958333333334
2006-04-06,9261.166666666666
2006-04-07,8830.416666666666
2006-04-08,8351.583333333334
2006-04-09,8820.791666666666
2006-04-10,9402.791666666666
2006-04-11,9011.375
2006-04-12,8725.125
2006-04-13,8966.208333333334
2006-04-14,8609.791666666666
2006-04-15,8746.5
2006-04-16,7931.25
2006-04-17,8618.291666666666
2006-04-18,8912.583333333334
2006-04-19,8918.708333333334
2006-04-20,9068.708333333334
2006-04-21,8842.583333333334
2006-04-22,8404.25
2006-04-23,8329.916666666666
2006-04-24,9178.416666666666
2006-04-25,9133.208333333334
2006-04-26,8608.375
2006-04-27,8743.375
2006-04-28,8537.25
2006-04-29,8103.5
2006-04-30,8111.291666666667
2006-05-01,8975.875
2006-05-02,8981.875
2006-05-03,8947.0
2006-05-04,9283.75
2006-05-05,9455.75
2006-05-06,8883.5
2006-05-07,7981.291666666667
2006-05-08,9058.666666666666
2006-05-09,8881.5
2006-05-10,9093.791666666666
2006-05-11,9200.833333333334
2006-05-12,8868.791666666666
2006-05-13,8339.416666666666
2006-05-14,7995.166666666667
2006-05-15,8919.5
2006-05-16,8840.708333333334
2006-05-17,8998.666666666666
2006-05-18,9067.875
2006-05-19,8721.208333333334
2006-05-20,8496.041666666666
2006-05-21,8449.625
2006-05-22,9019.75
2006-05-23,8808.875
2006-05-24,9006.708333333334
2006-05-25,9529.25
2006-05-26,10641.041666666666
2006-05-27,9983.583333333334
2006-05-28,10070.25
2006-05-29,10683.458333333334
2006-05-30,12422.791666666666
2006-05-31,12922.583333333334
2006-06-01,12970.166666666666
2006-06-02,12426.291666666666
2006-06-03,9979.458333333334
2006-06-04,9396.25
2006-06-05,9793.75
2006-06-06,9921.458333333334
2006-06-07,10565.791666666666
2006-06-08,10658.0
2006-06-09,10704.75
2006-06-10,9332.708333333334
2006-06-11,8860.75
2006-06-12,9437.125
2006-06-13,10033.75
2006-06-14,9794.166666666666
2006-06-15,10395.125
2006-06-16,10618.833333333334
2006-06-17,10791.875
2006-06-18,11588.0
2006-06-19,12459.958333333334
2006-06-20,12474.75
2006-06-21,12579.791666666666
2006-06-22,13356.25
2006-06-23,12919.166666666666
2006-06-24,11574.375
2006-06-25,11369.041666666666
2006-06-26,11743.75
2006-06-27,11649.708333333334
2006-06-28,12574.791666666666
2006-06-29,12436.416666666666
2006-06-30,11563.791666666666
2006-07-01,11194.375
2006-07-02,12135.208333333334
2006-07-03,12963.833333333334
2006-07-04,12713.833333333334
2006-07-05,12571.291666666666
2006-07-06,10892.833333333334
2006-07-07,10423.166666666666
2006-07-08,9976.375
2006-07-09,10346.791666666666
2006-07-10,12267.875
2006-07-11,13385.583333333334
2006-07-12,13748.708333333334
2006-07-13,13184.458333333334
2006-07-14,12675.583333333334
2006-07-15,12608.083333333334
2006-07-16,12875.333333333334
2006-07-17,14123.208333333334
2006-07-18,14744.916666666666
2006-07-19,13999.416666666666
2006-07-20,13802.458333333334
2006-07-21,13910.375
2006-07-22,13041.291666666666
2006-07-23,11528.625
2006-07-24,12409.958333333334
2006-07-25,12238.625
2006-07-26,13111.583333333334
2006-07-27,14091.333333333334
2006-07-28,14074.75
2006-07-29,13481.833333333334
2006-07-30,13516.5
2006-07-31,14777.833333333334
2006-08-01,15336.791666666666
2006-08-02,15861.083333333334
2006-08-03,16152.208333333334
2006-08-04,15251.958333333334
2006-08-05,13143.541666666666
2006-08-06,12423.0
2006-08-07,14107.458333333334
2006-08-08,14073.083333333334
2006-08-09,12748.083333333334
2006-08-10,11662.041666666666
2006-08-11,11496.458333333334
2006-08-12,10374.041666666666
2006-08-13,10308.208333333334
2006-08-14,12244.708333333334
2006-08-15,13201.583333333334
2006-08-16,12781.375
2006-08-17,12228.125
2006-08-18,12330.75
2006-08-19,12389.5
2006-08-20,12983.625
2006-08-21,12743.083333333334
2006-08-22,12334.291666666666
2006-08-23,12742.25
2006-08-24,12789.583333333334
2006-08-25,13130.291666666666
2006-08-26,12860.5
2006-08-27,12539.083333333334
2006-08-28,14013.25
2006-08-29,14439.875
2006-08-30,13096.625
2006-08-31,11013.416666666666
2006-09-01,9472.083333333334
2006-09-02,8695.75
2006-09-03,9670.875
2006-09-04,9976.75
2006-09-05,10365.791666666666
2006-09-06,10241.041666666666
2006-09-07,10645.833333333334
2006-09-08,10793.958333333334
2006-09-09,10472.458333333334
2006-09-10,10404.583333333334
2006-09-11,9988.125
2006-09-12,9399.416666666666
2006-09-13,9265.208333333334
2006-09-14,9720.791666666666
2006-09-15,9830.333333333334
2006-09-16,9244.416666666666
2006-09-17,9741.583333333334
2006-09-18,10944.708333333334
2006-09-19,10787.916666666666
2006-09-20,9594.833333333334
2006-09-21,8957.5
2006-09-22,8852.583333333334
2006-09-23,9573.541666666666
2006-09-24,10700.333333333334
2006-09-25,10002.75
2006-09-26,9449.166666666666
2006-09-27,9509.708333333334
2006-09-28,9682.583333333334
2006-09-29,8993.958333333334
2006-09-30,8377.166666666666
2006-10-01,8461.25
2006-10-02,9209.416666666666
2006-10-03,9640.541666666666
2006-10-04,10344.583333333334
2006-10-05,9849.833333333334
2006-10-06,9151.208333333334
2006-10-07,8756.25
2006-10-08,8370.0
2006-10-09,9112.5
2006-10-10,9460.708333333334
2006-10-11,9283.875
2006-10-12,9257.666666666666
2006-10-13,8877.333333333334
2006-10-14,8808.375
2006-10-15,8818.708333333334
2006-10-16,9249.0
2006-10-17,9179.916666666666
2006-10-18,9322.583333333334
2006-10-19,9252.375
2006-10-20,9265.708333333334
2006-10-21,8448.916666666666
2006-10-22,8776.041666666666
2006-10-23,9529.583333333334
2006-10-24,10320.75
2006-10-25,10302.666666666666
2006-10-26,10250.708333333334
2006-10-27,9789.333333333334
2006-10-28,8716.583333333334
2006-10-29,9008.217391304348
2006-10-30,9504.416666666666
2006-10-31,9142.791666666666
2006-11-01,9065.708333333334
2006-11-02,9203.416666666666
2006-11-03,10380.958333333334
2006-11-04,10607.458333333334
2006-11-05,10171.541666666666
2006-11-06,10263.583333333334
2006-11-07,10042.625
2006-11-08,9264.125
2006-11-09,9018.041666666666
2006-11-10,8911.25
2006-11-11,8493.875
2006-11-12,8877.625
2006-11-13,9827.916666666666
2006-11-14,9309.25
2006-11-15,9303.666666666666
2006-11-16,9367.0
2006-11-17,9203.458333333334
2006-11-18,9486.833333333334
2006-11-19,9767.333333333334
2006-11-20,10707.583333333334
2006-11-21,11197.208333333334
2006-11-22,11105.916666666666
2006-11-23,9949.75
2006-11-24,9288.5
2006-11-25,9525.041666666666
2006-11-26,9475.958333333334
2006-11-27,10093.041666666666
2006-11-28,9869.0
2006-11-29,9623.875
2006-11-30,9358.708333333334
2006-12-01,9299.458333333334
2006-12-02,9150.541666666666
2006-12-03,10076.791666666666
2006-12-04,11407.25
2006-12-05,12112.958333333334
2006-12-06,11818.208333333334
2006-12-07,10653.666666666666
2006-12-08,13244.416666666666
2006-12-09,12877.416666666666
2006-12-10,11070.25
2006-12-11,10878.291666666666
2006-12-12,10971.5
2006-12-13,10204.333333333334
2006-12-14,10132.541666666666
2006-12-15,9954.041666666666
2006-12-16,9809.583333333334
2006-12-17,9880.916666666666
2006-12-18,9731.0
2006-12-19,10085.416666666666
2006-12-20,11336.25
2006-12-21,11007.041666666666
2006-12-22,10068.791666666666
2006-12-23,8877.041666666666
2006-12-24,9388.791666666666
2006-12-25,9777.125
2006-12-26,9424.291666666666
2006-12-27,10330.083333333334
2006-12-28,10963.833333333334
2006-12-29,10459.541666666666
2006-12-30,10100.416666666666
2006-12-31,9764.083333333334
2007-01-01,9138.583333333334
2007-01-02,10264.625
2007-01-03,11024.0
2007-01-04,10009.5
2007-01-05,9392.416666666666
2007-01-06,8629.166666666666
2007-01-07,8952.416666666666
2007-01-08,9843.333333333334
2007-01-09,11317.916666666666
2007-01-10,12029.291666666666
2007-01-11,12378.833333333334
2007-01-12,10889.375
2007-01-13,9082.0
2007-01-14,8453.041666666666
2007-01-15,8904.5
2007-01-16,9837.375
2007-01-17,12495.291666666666
2007-01-18,12965.291666666666
2007-01-19,11414.625
2007-01-20,11634.875
2007-01-21,12699.375
2007-01-22,12532.208333333334
2007-01-23,11917.416666666666
2007-01-24,12348.375
2007-01-25,12527.291666666666
2007-01-26,13570.75
2007-01-27,11017.875
2007-01-28,10356.791666666666
2007-01-29,13386.0
2007-01-30,12916.833333333334
2007-01-31,13170.041666666666
2007-02-01,13212.583333333334
2007-02-02,12129.208333333334
2007-02-03,11853.333333333334
2007-02-04,12023.041666666666
2007-02-05,14370.875
2007-02-06,15348.5
2007-02-07,13546.208333333334
2007-02-08,14050.75
2007-02-09,13848.333333333334
2007-02-10,13036.625
2007-02-11,12944.791666666666
2007-02-12,12547.583333333334
2007-02-13,12447.833333333334
2007-02-14,12693.833333333334
2007-02-15,14094.083333333334
2007-02-16,14176.416666666666
2007-02-17,13150.833333333334
2007-02-18,12154.916666666666
2007-02-19,13468.666666666666
2007-02-20,11322.916666666666
2007-02-21,10133.5
2007-02-22,10342.125
2007-02-23,11592.333333333334
2007-02-24,11641.916666666666
2007-02-25,11516.916666666666
2007-02-26,11486.083333333334
2007-02-27,10924.041666666666
2007-02-28,10823.041666666666
2007-03-01,10816.5
2007-03-02,9394.083333333334
2007-03-03,9293.833333333334
2007-03-04,10349.166666666666
2007-03-05,11466.375
2007-03-06,12184.791666666666
2007-03-07,12411.125
2007-03-08,12195.875
2007-03-09,11538.791666666666
2007-03-10,9878.208333333334
2007-03-11,8811.478260869566
2007-03-12,10184.416666666666
2007-03-13,9603.541666666666
2007-03-14,9112.5
2007-03-15,9138.25
2007-03-16,10665.75
2007-03-17,11538.333333333334
2007-03-18,11206.208333333334
2007-03-19,11405.958333333334
2007-03-20,9511.666666666666
2007-03-21,10318.458333333334
2007-03-22,9865.583333333334
2007-03-23,9141.583333333334
2007-03-24,8543.75
2007-03-25,8351.583333333334
2007-03-26,9397.75
2007-03-27,9298.041666666666
2007-03-28,9106.166666666666
2007-03-29,8920.833333333334
2007-03-30,9322.916666666666
2007-03-31,8519.166666666666
2007-04-01,8215.333333333334
2007-04-02,9168.875
2007-04-03,9152.5
2007-04-04,8945.5
2007-04-05,9271.583333333334
2007-04-06,9908.833333333334
2007-04-07,10379.833333333334
2007-04-08,10260.958333333334
2007-04-09,10578.666666666666
2007-04-10,10277.125
2007-04-11,10118.333333333334
2007-04-12,9321.083333333334
2007-04-13,9158.125
2007-04-14,9058.541666666666
2007-04-15,9093.333333333334
2007-04-16,10376.833333333334
2007-04-17,9866.625
2007-04-18,9627.625
2007-04-19,9511.083333333334
2007-04-20,9279.541666666666
2007-04-21,8510.458333333334
2007-04-22,8458.041666666666
2007-04-23,9571.666666666666
2007-04-24,9970.541666666666
2007-04-25,10126.916666666666
2007-04-26,9100.291666666666
2007-04-27,9243.666666666666
2007-04-28,8515.0
2007-04-29,8369.0
2007-04-30,9675.041666666666
2007-05-01,10028.75
2007-05-02,10508.208333333334
2007-05-03,9054.0
2007-05-04,8890.625
2007-05-05,8306.625
2007-05-06,8210.625
2007-05-07,9213.958333333334
2007-05-08,9281.208333333334
2007-05-09,9650.875
2007-05-10,10459.208333333334
2007-05-11,10905.875
2007-05-12,9884.541666666666
2007-05-13,8482.5
2007-05-14,9082.458333333334
2007-05-15,9933.166666666666
2007-05-16,10409.625
2007-05-17,9324.083333333334
2007-05-18,8896.416666666666
2007-05-19,8371.125
2007-05-20,8610.166666666666
2007-05-21,9697.25
2007-05-22,9636.916666666666
2007-05-23,9787.083333333334
2007-05-24,10118.583333333334
2007-05-25,10557.583333333334
2007-05-26,10851.458333333334
2007-05-27,10747.625
2007-05-28,11084.083333333334
2007-05-29,11633.291666666666
2007-05-30,11472.166666666666
2007-05-31,11964.625
2007-06-01,12200.833333333334
2007-06-02,11510.291666666666
2007-06-03,9920.25
2007-06-04,11450.916666666666
2007-06-05,11552.25
2007-06-06,10858.083333333334
2007-06-07,11672.5
2007-06-08,13701.125
2007-06-09,12410.875
2007-06-10,10337.833333333334
2007-06-11,11408.208333333334
2007-06-12,11658.083333333334
2007-06-13,11159.583333333334
2007-06-14,9619.875
2007-06-15,9316.833333333334
2007-06-16,9472.833333333334
2007-06-17,10981.125
2007-06-18,13208.541666666666
2007-06-19,14034.666666666666
2007-06-20,12471.25
2007-06-21,11501.541666666666
2007-06-22,11261.291666666666
2007-06-23,10171.75
2007-06-24,10527.583333333334
2007-06-25,12442.541666666666
2007-06-26,13595.75
2007-06-27,14140.666666666666
2007-06-28,14125.666666666666
2007-06-29,12790.458333333334
2007-06-30,11738.75
2007-07-01,10681.916666666666
2007-07-02,10578.166666666666
2007-07-03,10513.5
2007-07-04,10961.625
2007-07-05,12142.458333333334
2007-07-06,12808.625
2007-07-07,12311.791666666666
2007-07-08,12777.25
2007-07-09,14425.958333333334
2007-07-10,14183.5
2007-07-11,13414.0
2007-07-12,12536.833333333334
2007-07-13,11628.666666666666
2007-07-14,11422.916666666666
2007-07-15,12472.166666666666
2007-07-16,13421.291666666666
2007-07-17,13298.791666666666
2007-07-18,13720.291666666666
2007-07-19,13481.708333333334
2007-07-20,12190.5
2007-07-21,10585.166666666666
2007-07-22,10354.833333333334
2007-07-23,11437.083333333334
2007-07-24,11588.583333333334
2007-07-25,11926.0
2007-07-26,12809.708333333334
2007-07-27,13033.333333333334
2007-07-28,12342.083333333334
2007-07-29,11920.791666666666
2007-07-30,12352.125
2007-07-31,13111.875
2007-08-01,13228.708333333334
2007-08-02,13717.208333333334
2007-08-03,13653.708333333334
2007-08-04,13654.375
2007-08-05,13192.25
2007-08-06,14016.125
2007-08-07,15135.75
2007-08-08,16060.125
2007-08-09,15534.25
2007-08-10,14271.875
2007-08-11,12295.083333333334
2007-08-12,11748.583333333334
2007-08-13,13189.416666666666
2007-08-14,12539.375
2007-08-15,12775.208333333334
2007-08-16,14033.416666666666
2007-08-17,13605.625
2007-08-18,11435.5
2007-08-19,10831.916666666666
2007-08-20,11708.625
2007-08-21,12201.333333333334
2007-08-22,11315.916666666666
2007-08-23,11557.125
2007-08-24,13197.083333333334
2007-08-25,14049.083333333334
2007-08-26,12576.75
2007-08-27,12839.75
2007-08-28,12820.958333333334
2007-08-29,12522.041666666666
2007-08-30,12359.458333333334
2007-08-31,12566.916666666666
2007-09-01,10967.0
2007-09-02,10118.875
2007-09-03,11078.416666666666
2007-09-04,12430.791666666666
2007-09-05,12661.541666666666
2007-09-06,13212.166666666666
2007-09-07,13134.041666666666
2007-09-08,12209.166666666666
2007-09-09,12082.25
2007-09-10,13562.666666666666
2007-09-11,12983.458333333334
2007-09-12,11671.791666666666
2007-09-13,11080.166666666666
2007-09-14,10918.75
2007-09-15,9648.125
2007-09-16,8475.791666666666
2007-09-17,9138.416666666666
2007-09-18,9358.5
2007-09-19,9771.291666666666
2007-09-20,9802.5
2007-09-21,10585.708333333334
2007-09-22,11367.25
2007-09-23,11157.166666666666
2007-09-24,10658.458333333334
2007-09-25,11203.625
2007-09-26,11990.833333333334
2007-09-27,12046.833333333334
2007-09-28,11028.666666666666
2007-09-29,9065.5
2007-09-30,8871.208333333334
2007-10-01,9714.25
2007-10-02,10300.916666666666
2007-10-03,11184.333333333334
2007-10-04,11642.333333333334
2007-10-05,11132.583333333334
2007-10-06,10558.416666666666
2007-10-07,11069.875
2007-10-08,12118.833333333334
2007-10-09,12464.583333333334
2007-10-10,11450.458333333334
2007-10-11,9416.625
2007-10-12,8923.5
2007-10-13,8297.041666666666
2007-10-14,8350.833333333334
2007-10-15,9147.291666666666
2007-10-16,9282.666666666666
2007-10-17,9735.833333333334
2007-10-18,10156.833333333334
2007-10-19,10879.416666666666
2007-10-20,9143.625
2007-10-21,8567.208333333334
2007-10-22,9747.166666666666
2007-10-23,10348.333333333334
2007-10-24,10431.083333333334
2007-10-25,9530.625
2007-10-26,9529.791666666666
2007-10-27,8908.541666666666
2007-10-28,8328.125
2007-10-29,9607.75
2007-10-30,9879.625
2007-10-31,9573.166666666666
2007-11-01,9244.291666666666
2007-11-02,9305.0
2007-11-03,8906.333333333334
2007-11-04,9124.695652173914
2007-11-05,9796.666666666666
2007-11-06,9697.291666666666
2007-11-07,10452.875
2007-11-08,10957.041666666666
2007-11-09,10547.708333333334
2007-11-10,9910.5
2007-11-11,10011.291666666666
2007-11-12,9885.916666666666
2007-11-13,9450.083333333334
2007-11-14,9280.125
2007-11-15,9647.041666666666
2007-11-16,10740.041666666666
2007-11-17,10339.333333333334
2007-11-18,9683.25
2007-11-19,10364.5
2007-11-20,10004.541666666666
2007-11-21,9493.75
2007-11-22,8375.541666666666
2007-11-23,9542.083333333334
2007-11-24,10787.916666666666
2007-11-25,10135.25
2007-11-26,10026.041666666666
2007-11-27,9526.041666666666
2007-11-28,10718.916666666666
2007-11-29,10851.375
2007-11-30,10799.791666666666
2007-12-01,10980.875
2007-12-02,10623.625
2007-12-03,10544.541666666666
2007-12-04,12107.541666666666
2007-12-05,12769.208333333334
2007-12-06,12932.708333333334
2007-12-07,12622.583333333334
2007-12-08,10399.375
2007-12-09,9848.708333333334
2007-12-10,9939.083333333334
2007-12-11,9974.083333333334
2007-12-12,9793.083333333334
2007-12-13,10372.083333333334
2007-12-14,10393.75
2007-12-15,11317.916666666666
2007-12-16,11036.458333333334
2007-12-17,12530.833333333334
2007-12-18,12911.458333333334
2007-12-19,12202.375
2007-12-20,12191.416666666666
2007-12-21,11729.375
2007-12-22,10431.166666666666
2007-12-23,9659.958333333334
2007-12-24,9968.5
2007-12-25,9880.333333333334
2007-12-26,11542.333333333334
2007-12-27,10754.625
2007-12-28,10856.458333333334
2007-12-29,9381.625
2007-12-30,10176.125
2007-12-31,10424.041666666666
2008-01-01,10371.333333333334
2008-01-02,13215.291666666666
2008-01-03,14222.625
2008-01-04,13711.75
2008-01-05,11882.208333333334
2008-01-06,10028.875
2008-01-07,9734.041666666666
2008-01-08,9398.916666666666
2008-01-09,9260.25
2008-01-10,10390.166666666666
2008-01-11,9837.666666666666
2008-01-12,9768.541666666666
2008-01-13,10674.291666666666
2008-01-14,11523.291666666666
2008-01-15,12752.416666666666
2008-01-16,12757.875
2008-01-17,12655.833333333334
2008-01-18,11628.625
2008-01-19,11641.208333333334
2008-01-20,13057.416666666666
2008-01-21,14731.833333333334
2008-01-22,13342.708333333334
2008-01-23,11671.958333333334
2008-01-24,12840.458333333334
2008-01-25,13677.75
2008-01-26,12524.041666666666
2008-01-27,11600.0
2008-01-28,12155.958333333334
2008-01-29,11561.333333333334
2008-01-30,10574.083333333334
2008-01-31,12252.0
2008-02-01,11694.375
2008-02-02,10786.958333333334
2008-02-03,10268.75
2008-02-04,10161.958333333334
2008-02-05,9689.458333333334
2008-02-06,9206.333333333334
2008-02-07,9335.5
2008-02-08,10419.75
2008-02-09,9944.125
2008-02-10,9945.25
2008-02-11,13076.75
2008-02-12,13086.541666666666
2008-02-13,11865.0
2008-02-14,12185.666666666666
2008-02-15,11075.791666666666
2008-02-16,10175.291666666666
2008-02-17,10332.416666666666
2008-02-18,9386.333333333334
2008-02-19,10817.125
2008-02-20,11985.416666666666
2008-02-21,12923.541666666666
2008-02-22,12607.375
2008-02-23,11280.583333333334
2008-02-24,11135.791666666666
2008-02-25,11147.125
2008-02-26,10883.083333333334
2008-02-27,11443.875
2008-02-28,13139.541666666666
2008-02-29,12282.0
2008-03-01,9944.666666666666
2008-03-02,10281.125
2008-03-03,10218.625
2008-03-04,9299.75
2008-03-05,9172.0
2008-03-06,10018.5
2008-03-07,10348.166666666666
2008-03-08,9371.166666666666
2008-03-09,10742.0
2008-03-10,11005.833333333334
2008-03-11,10121.833333333334
2008-03-12,9962.583333333334
2008-03-13,9948.708333333334
2008-03-14,9125.958333333334
2008-03-15,8407.333333333334
2008-03-16,8967.291666666666
2008-03-17,10534.0
2008-03-18,10280.291666666666
2008-03-19,9416.083333333334
2008-03-20,9237.541666666666
2008-03-21,9739.208333333334
2008-03-22,9021.208333333334
2008-03-23,9271.791666666666
2008-03-24,10323.083333333334
2008-03-25,10573.583333333334
2008-03-26,9654.25
2008-03-27,9137.541666666666
2008-03-28,9066.083333333334
2008-03-29,9094.791666666666
2008-03-30,10058.5
2008-03-31,10122.041666666666
2008-04-01,9235.125
2008-04-02,8944.708333333334
2008-04-03,10112.916666666666
2008-04-04,9616.75
2008-04-05,8421.541666666666
2008-04-06,9019.291666666666
2008-04-07,10198.625
2008-04-08,10098.0
2008-04-09,9518.208333333334
2008-04-10,9217.875
2008-04-11,9288.708333333334
2008-04-12,8862.958333333334
2008-04-13,8306.416666666666
2008-04-14,9577.208333333334
2008-04-15,9766.875
2008-04-16,9760.375
2008-04-17,9470.833333333334
2008-04-18,9376.833333333334
2008-04-19,8752.791666666666
2008-04-20,8466.916666666666
2008-04-21,9116.916666666666
2008-04-22,9151.75
2008-04-23,9233.166666666666
2008-04-24,9490.583333333334
2008-04-25,9550.541666666666
2008-04-26,9462.75
2008-04-27,8424.625
2008-04-28,9048.875
2008-04-29,8927.416666666666
2008-04-30,9114.25
2008-05-01,9194.5
2008-05-02,9424.0
2008-05-03,9284.75
2008-05-04,9080.166666666666
2008-05-05,9316.25
2008-05-06,9506.0
2008-05-07,9859.166666666666
2008-05-08,9746.916666666666
2008-05-09,9598.958333333334
2008-05-10,8310.0
2008-05-11,8314.0
2008-05-12,9497.416666666666
2008-05-13,9286.75
2008-05-14,9169.333333333334
2008-05-15,9559.791666666666
2008-05-16,9583.708333333334
2008-05-17,8577.416666666666
2008-05-18,8491.583333333334
2008-05-19,8991.083333333334
2008-05-20,9143.333333333334
2008-05-21,9064.875
2008-05-22,9088.625
2008-05-23,8972.666666666666
2008-05-24,8468.166666666666
2008-05-25,8339.833333333334
2008-05-26,9282.291666666666
2008-05-27,10992.958333333334
2008-05-28,9684.541666666666
2008-05-29,9335.875
2008-05-30,10248.416666666666
2008-05-31,10981.083333333334
2008-06-01,10941.291666666666
2008-06-02,10610.666666666666
2008-06-03,10611.75
2008-06-04,11811.333333333334
2008-06-05,12830.541666666666
2008-06-06,12765.0
2008-06-07,13722.208333333334
2008-06-08,14208.791666666666
2008-06-09,15144.458333333334
2008-06-10,15167.958333333334
2008-06-11,13579.916666666666
2008-06-12,12967.791666666666
2008-06-13,12949.5
2008-06-14,12342.916666666666
2008-06-15,11604.75
2008-06-16,12122.916666666666
2008-06-17,11358.208333333334
2008-06-18,10597.833333333334
2008-06-19,10506.166666666666
2008-06-20,10866.375
2008-06-21,10907.125
2008-06-22,11170.333333333334
2008-06-23,12100.541666666666
2008-06-24,11644.208333333334
2008-06-25,12328.0
2008-06-26,13481.291666666666
2008-06-27,13650.833333333334
2008-06-28,13253.708333333334
2008-06-29,13049.166666666666
2008-06-30,12668.291666666666
2008-07-01,11542.166666666666
2008-07-02,11715.958333333334
2008-07-03,12290.541666666666
2008-07-04,11896.666666666666
2008-07-05,10980.75
2008-07-06,10894.875
2008-07-07,12457.25
2008-07-08,12849.375
2008-07-09,11990.958333333334
2008-07-10,12397.041666666666
2008-07-11,12541.625
2008-07-12,12418.0
2008-07-13,12344.875
2008-07-14,12220.791666666666
2008-07-15,12378.125
2008-07-16,12535.916666666666
2008-07-17,13043.875
2008-07-18,13350.625
2008-07-19,13283.25
2008-07-20,13600.291666666666
2008-07-21,14385.458333333334
2008-07-22,14292.458333333334
2008-07-23,12983.041666666666
2008-07-24,11992.041666666666
2008-07-25,11975.625
2008-07-26,11925.75
2008-07-27,12237.0
2008-07-28,12490.625
2008-07-29,13516.625
2008-07-30,14265.666666666666
2008-07-31,13602.208333333334
2008-08-01,13673.5
2008-08-02,12912.0
2008-08-03,12160.916666666666
2008-08-04,13099.833333333334
2008-08-05,13083.833333333334
2008-08-06,13762.25
2008-08-07,13156.541666666666
2008-08-08,12129.416666666666
2008-08-09,10917.25
2008-08-10,10671.0
2008-08-11,10970.166666666666
2008-08-12,11153.375
2008-08-13,11167.083333333334
2008-08-14,11670.5
2008-08-15,11456.666666666666
2008-08-16,10920.166666666666
2008-08-17,10864.125
2008-08-18,12418.958333333334
2008-08-19,12987.833333333334
2008-08-20,12110.375
2008-08-21,11789.25
2008-08-22,11553.125
2008-08-23,11207.666666666666
2008-08-24,11610.916666666666
2008-08-25,12868.375
2008-08-26,11532.958333333334
2008-08-27,10549.541666666666
2008-08-28,10889.333333333334
2008-08-29,11604.791666666666
2008-08-30,11794.916666666666
2008-08-31,11201.166666666666
2008-09-01,10797.208333333334
2008-09-02,11515.625
2008-09-03,12300.0
2008-09-04,13044.541666666666
2008-09-05,12309.833333333334
2008-09-06,11125.666666666666
2008-09-07,10863.625
2008-09-08,12067.75
2008-09-09,12108.0
2008-09-10,10775.583333333334
2008-09-11,10638.916666666666
2008-09-12,11280.041666666666
2008-09-13,12453.208333333334
2008-09-14,12993.708333333334
2008-09-15,12981.25
2008-09-16,10513.333333333334
2008-09-17,9873.208333333334
2008-09-18,10110.708333333334
2008-09-19,9593.125
2008-09-20,8669.208333333334
2008-09-21,8883.875
2008-09-22,9917.208333333334
2008-09-23,9730.541666666666
2008-09-24,9142.833333333334
2008-09-25,9147.916666666666
2008-09-26,9598.375
2008-09-27,9873.791666666666
2008-09-28,9797.875
2008-09-29,10236.5
2008-09-30,9734.5
2008-10-01,9348.666666666666
2008-10-02,8864.166666666666
2008-10-03,8882.541666666666
2008-10-04,8504.166666666666
2008-10-05,8708.541666666666
2008-10-06,9298.083333333334
2008-10-07,9015.0
2008-10-08,9090.041666666666
2008-10-09,9669.291666666666
2008-10-10,9628.458333333334
2008-10-11,8618.333333333334
2008-10-12,8518.541666666666
2008-10-13,9294.166666666666
2008-10-14,9615.333333333334
2008-10-15,9991.916666666666
2008-10-16,10197.875
2008-10-17,9071.916666666666
2008-10-18,8478.333333333334
2008-10-19,8674.833333333334
2008-10-20,9739.083333333334
2008-10-21,9526.458333333334
2008-10-22,9591.083333333334
2008-10-23,9952.875
2008-10-24,9585.416666666666
2008-10-25,8686.75
2008-10-26,8509.833333333334
2008-10-27,9764.916666666666
2008-10-28,10391.666666666666
2008-10-29,10498.916666666666
2008-10-30,10628.75
2008-10-31,10268.083333333334
2008-11-01,9010.166666666666
2008-11-02,8794.521739130434
2008-11-03,9195.375
2008-11-04,9336.583333333334
2008-11-05,9254.625
2008-11-06,9223.791666666666
2008-11-07,9022.958333333334
2008-11-08,8426.666666666666
2008-11-09,8718.291666666666
2008-11-10,10043.083333333334
2008-11-11,10584.625
2008-11-12,10142.333333333334
2008-11-13,10099.791666666666
2008-11-14,9474.666666666666
2008-11-15,8726.875
2008-11-16,9238.041666666666
2008-11-17,10993.875
2008-11-18,11935.25
2008-11-19,12405.458333333334
2008-11-20,11353.208333333334
2008-11-21,11890.791666666666
2008-11-22,12405.541666666666
2008-11-23,11732.791666666666
2008-11-24,11864.0
2008-11-25,10784.708333333334
2008-11-26,11421.708333333334
2008-11-27,10712.333333333334
2008-11-28,10090.125
2008-11-29,10180.166666666666
2008-11-30,10243.416666666666
2008-12-01,10587.625
2008-12-02,11753.75
2008-12-03,12194.291666666666
2008-12-04,11191.666666666666
2008-12-05,11340.416666666666
2008-12-06,12200.458333333334
2008-12-07,12084.333333333334
2008-12-08,13402.625
2008-12-09,11662.083333333334
2008-12-10,9840.333333333334
2008-12-11,10238.083333333334
2008-12-12,10820.0
2008-12-13,11751.458333333334
2008-12-14,11140.291666666666
2008-12-15,9981.375
2008-12-16,10710.833333333334
2008-12-17,11200.958333333334
2008-12-18,10790.0
2008-12-19,10650.291666666666
2008-12-20,10324.958333333334
2008-12-21,11119.875
2008-12-22,14095.916666666666
2008-12-23,13943.0
2008-12-24,10915.875
2008-12-25,8861.041666666666
2008-12-26,10877.333333333334
2008-12-27,9425.833333333334
2008-12-28,8405.875
2008-12-29,9576.041666666666
2008-12-30,10280.833333333334
2008-12-31,11129.583333333334
2009-01-01,12560.416666666666
2009-01-02,12367.833333333334
2009-01-03,10928.0
2009-01-04,10919.0
2009-01-05,10333.291666666666
2009-01-06,11643.75
2009-01-07,11368.75
2009-01-08,11638.208333333334
2009-01-09,12369.041666666666
2009-01-10,11146.791666666666
2009-01-11,10324.625
2009-01-12,12028.75
2009-01-13,12631.541666666666
2009-01-14,12974.083333333334
2009-01-15,13620.0
2009-01-16,15916.625
2009-01-17,15850.541666666666
2009-01-18,12848.25
2009-01-19,12964.75
2009-01-20,14179.333333333334
2009-01-21,14471.75
2009-01-22,13500.958333333334
2009-01-23,11699.75
2009-01-24,10633.625
2009-01-25,12897.041666666666
2009-01-26,13034.875
2009-01-27,13145.125
2009-01-28,12347.166666666666
2009-01-29,12056.625
2009-01-30,12631.125
2009-01-31,12458.958333333334
2009-02-01,10810.125
2009-02-02,10539.875
2009-02-03,12140.375
2009-02-04,13534.125
2009-02-05,14901.0
2009-02-06,13657.5
2009-02-07,10898.833333333334
2009-02-08,9038.791666666666
2009-02-09,10284.5
2009-02-10,10105.208333333334
2009-02-11,9248.125
2009-02-12,9087.541666666666
2009-02-13,9794.333333333334
2009-02-14,10202.666666666666
2009-02-15,10345.458333333334
2009-02-16,11734.041666666666
2009-02-17,12198.541666666666
2009-02-18,11928.833333333334
2009-02-19,10569.791666666666
2009-02-20,12524.958333333334
2009-02-21,11510.291666666666
2009-02-22,10976.791666666666
2009-02-23,12877.583333333334
2009-02-24,13068.125
2009-02-25,12290.25
2009-02-26,10639.333333333334
2009-02-27,9431.416666666666
2009-02-28,9934.333333333334
2009-03-01,11893.416666666666
2009-03-02,13536.083333333334
2009-03-03,14659.0
2009-03-04,13660.125
2009-03-05,12002.833333333334
2009-03-06,9984.916666666666
2009-03-07,8469.375
2009-03-08,8117.260869565217
2009-03-09,8696.0
2009-03-10,9377.083333333334
2009-03-11,9401.708333333334
2009-03-12,9702.416666666666
2009-03-13,11192.416666666666
2009-03-14,10258.333333333334
2009-03-15,10147.041666666666
2009-03-16,10397.916666666666
2009-03-17,10344.541666666666
2009-03-18,9919.0
2009-03-19,9366.958333333334
2009-03-20,9826.083333333334
2009-03-21,10070.166666666666
2009-03-22,9574.708333333334
2009-03-23,9868.666666666666
2009-03-24,10714.958333333334
2009-03-25,11018.375
2009-03-26,10122.541666666666
2009-03-27,9231.333333333334
2009-03-28,8605.5
2009-03-29,8145.125
2009-03-30,8904.25
2009-03-31,9346.208333333334
2009-04-01,9243.166666666666
2009-04-02,9056.916666666666
2009-04-03,8722.958333333334
2009-04-04,8058.208333333333
2009-04-05,8011.25
2009-04-06,8538.208333333334
2009-04-07,9587.083333333334
2009-04-08,9963.125
2009-04-09,9310.833333333334
2009-04-10,8702.125
2009-04-11,8209.0
2009-04-12,8449.583333333334
2009-04-13,9478.291666666666
2009-04-14,9368.791666666666
2009-04-15,9631.083333333334
2009-04-16,9631.916666666666
2009-04-17,9216.916666666666
2009-04-18,8193.958333333334
2009-04-19,7971.958333333333
2009-04-20,8913.416666666666
2009-04-21,8864.125
2009-04-22,8940.125
2009-04-23,8977.083333333334
2009-04-24,8942.416666666666
2009-04-25,9425.291666666666
2009-04-26,10471.708333333334
2009-04-27,11369.625
2009-04-28,10968.166666666666
2009-04-29,9279.291666666666
2009-04-30,8734.5
2009-05-01,9228.75
2009-05-02,8960.166666666666
2009-05-03,8615.416666666666
2009-05-04,9195.0
2009-05-05,8841.708333333334
2009-05-06,9067.666666666666
2009-05-07,9585.958333333334
2009-05-08,9757.875
2009-05-09,10317.5
2009-05-10,8991.708333333334
2009-05-11,8747.541666666666
2009-05-12,8822.583333333334
2009-05-13,8856.958333333334
2009-05-14,9340.0
2009-05-15,10142.25
2009-05-16,9754.625
2009-05-17,8420.75
2009-05-18,8666.916666666666
2009-05-19,8860.791666666666
2009-05-20,8987.625
2009-05-21,9412.083333333334
2009-05-22,10081.125
2009-05-23,10165.083333333334
2009-05-24,9723.125
2009-05-25,10336.833333333334
2009-05-26,10310.666666666666
2009-05-27,10023.333333333334
2009-05-28,10716.875
2009-05-29,11304.0
2009-05-30,9902.125
2009-05-31,9974.583333333334
2009-06-01,10169.041666666666
2009-06-02,11783.791666666666
2009-06-03,11974.041666666666
2009-06-04,10165.708333333334
2009-06-05,9574.666666666666
2009-06-06,8815.916666666666
2009-06-07,9520.166666666666
2009-06-08,11748.583333333334
2009-06-09,12022.833333333334
2009-06-10,11443.333333333334
2009-06-11,12040.75
2009-06-12,12427.0
2009-06-13,11346.5
2009-06-14,10711.291666666666
2009-06-15,10983.333333333334
2009-06-16,10687.875
2009-06-17,9934.25
2009-06-18,11300.0
2009-06-19,11746.833333333334
2009-06-20,12172.333333333334
2009-06-21,11090.75
2009-06-22,11680.791666666666
2009-06-23,11823.291666666666
2009-06-24,12082.208333333334
2009-06-25,12504.666666666666
2009-06-26,12789.75
2009-06-27,11687.25
2009-06-28,10202.708333333334
2009-06-29,11866.208333333334
2009-06-30,12021.5
2009-07-01,12261.0
2009-07-02,11639.458333333334
2009-07-03,10436.291666666666
2009-07-04,10199.75
2009-07-05,9186.958333333334
2009-07-06,10672.833333333334
2009-07-07,11734.166666666666
2009-07-08,11534.875
2009-07-09,10941.083333333334
2009-07-10,10626.166666666666
2009-07-11,10561.5
2009-07-12,11777.75
2009-07-13,11886.5
2009-07-14,11403.0
2009-07-15,11666.208333333334
2009-07-16,12960.333333333334
2009-07-17,12305.375
2009-07-18,10803.75
2009-07-19,10327.583333333334
2009-07-20,10892.0
2009-07-21,11514.0
2009-07-22,12240.791666666666
2009-07-23,12596.0
2009-07-24,12201.458333333334
2009-07-25,11934.166666666666
2009-07-26,12240.75
2009-07-27,12779.916666666666
2009-07-28,13149.25
2009-07-29,12954.291666666666
2009-07-30,13057.25
2009-07-31,13181.958333333334
2009-08-01,12050.625
2009-08-02,11632.625
2009-08-03,12752.708333333334
2009-08-04,13129.958333333334
2009-08-05,13179.833333333334
2009-08-06,11765.458333333334
2009-08-07,11219.333333333334
2009-08-08,11197.75
2009-08-09,12827.041666666666
2009-08-10,14361.375
2009-08-11,14384.5
2009-08-12,12872.458333333334
2009-08-13,12323.291666666666
2009-08-14,12059.583333333334
2009-08-15,11828.291666666666
2009-08-16,12030.833333333334
2009-08-17,13047.791666666666
2009-08-18,13858.666666666666
2009-08-19,13995.75
2009-08-20,14146.375
2009-08-21,14152.0
2009-08-22,11889.583333333334
2009-08-23,11332.166666666666
2009-08-24,12308.25
2009-08-25,12353.541666666666
2009-08-26,13130.5
2009-08-27,13386.5
2009-08-28,12405.5
2009-08-29,11938.125
2009-08-30,11663.541666666666
2009-08-31,10367.0
2009-09-01,9804.875
2009-09-02,9827.666666666666
2009-09-03,10096.875
2009-09-04,10557.083333333334
2009-09-05,10364.125
2009-09-06,10153.791666666666
2009-09-07,9995.583333333334
2009-09-08,10154.916666666666
2009-09-09,10254.791666666666
2009-09-10,9764.875
2009-09-11,9435.708333333334
2009-09-12,9113.625
2009-09-13,9619.791666666666
2009-09-14,10672.958333333334
2009-09-15,11136.541666666666
2009-09-16,10825.166666666666
2009-09-17,9946.208333333334
2009-09-18,10028.333333333334
2009-09-19,9198.416666666666
2009-09-20,8771.708333333334
2009-09-21,10004.458333333334
2009-09-22,10719.791666666666
2009-09-23,11801.625
2009-09-24,12307.75
2009-09-25,10180.833333333334
2009-09-26,8603.958333333334
2009-09-27,9112.375
2009-09-28,9710.625
2009-09-29,9062.916666666666
2009-09-30,8914.958333333334
2009-10-01,8953.083333333334
2009-10-02,8982.0
2009-10-03,9000.916666666666
2009-10-04,8453.916666666666
2009-10-05,9054.625
2009-10-06,9069.958333333334
2009-10-07,9421.541666666666
2009-10-08,8923.0
2009-10-09,9582.916666666666
2009-10-10,9138.25
2009-10-11,7960.416666666667
2009-10-12,8712.208333333334
2009-10-13,9056.708333333334
2009-10-14,9083.333333333334
2009-10-15,9546.958333333334
2009-10-16,9643.0
2009-10-17,9431.0
2009-10-18,9638.25
2009-10-19,9862.791666666666
2009-10-20,9722.583333333334
2009-10-21,9223.958333333334
2009-10-22,8971.708333333334
2009-10-23,8945.666666666666
2009-10-24,8839.875
2009-10-25,8207.0
2009-10-26,9238.5
2009-10-27,9201.0
2009-10-28,9218.25
2009-10-29,8967.083333333334
2009-10-30,8889.166666666666
2009-10-31,8526.541666666666
2009-11-01,8588.478260869566
2009-11-02,9260.125
2009-11-03,9379.916666666666
2009-11-04,9679.041666666666
2009-11-05,9677.458333333334
2009-11-06,9862.916666666666
2009-11-07,9651.708333333334
2009-11-08,8733.458333333334
2009-11-09,9228.958333333334
2009-11-10,9106.75
2009-11-11,9638.708333333334
2009-11-12,10344.333333333334
2009-11-13,9733.291666666666
2009-11-14,8786.083333333334
2009-11-15,8522.041666666666
2009-11-16,9153.291666666666
2009-11-17,9260.625
2009-11-18,9486.5
2009-11-19,9294.458333333334
2009-11-20,9018.958333333334
2009-11-21,9245.666666666666
2009-11-22,9306.583333333334
2009-11-23,9913.333333333334
2009-11-24,9751.041666666666
2009-11-25,9528.166666666666
2009-11-26,8999.291666666666
2009-11-27,9525.25
2009-11-28,10046.041666666666
2009-11-29,9507.333333333334
2009-11-30,9678.708333333334
2009-12-01,10688.375
2009-12-02,10683.75
2009-12-03,9337.083333333334
2009-12-04,10225.958333333334
2009-12-05,10807.625
2009-12-06,11709.208333333334
2009-12-07,12062.583333333334
2009-12-08,11793.916666666666
2009-12-09,10728.291666666666
2009-12-10,10852.625
2009-12-11,12941.708333333334
2009-12-12,11908.75
2009-12-13,11291.708333333334
2009-12-14,11219.541666666666
2009-12-15,10335.583333333334
2009-12-16,11640.416666666666
2009-12-17,12822.625
2009-12-18,13220.416666666666
2009-12-19,13438.791666666666
2009-12-20,12945.291666666666
2009-12-21,13155.208333333334
2009-12-22,12723.583333333334
2009-12-23,12470.458333333334
2009-12-24,12459.208333333334
2009-12-25,11285.625
2009-12-26,9672.75
2009-12-27,10346.25
2009-12-28,11802.5
2009-12-29,13011.625
2009-12-30,13604.833333333334
2009-12-31,12245.666666666666
2010-01-01,11197.416666666666
2010-01-02,13597.666666666666
2010-01-03,14925.666666666666
2010-01-04,14546.083333333334
2010-01-05,14108.916666666666
2010-01-06,13743.625
2010-01-07,13430.125
2010-01-08,13582.416666666666
2010-01-09,13899.75
2010-01-10,14049.375
2010-01-11,14394.791666666666
2010-01-12,13377.208333333334
2010-01-13,13441.541666666666
2010-01-14,12587.208333333334
2010-01-15,11612.208333333334
2010-01-16,10787.041666666666
2010-01-17,10261.791666666666
2010-01-18,10425.416666666666
2010-01-19,10743.791666666666
2010-01-20,11162.166666666666
2010-01-21,12031.833333333334
2010-01-22,12091.75
2010-01-23,11268.041666666666
2010-01-24,10612.416666666666
2010-01-25,9477.083333333334
2010-01-26,10951.541666666666
2010-01-27,11775.583333333334
2010-01-28,11449.291666666666
2010-01-29,13348.25
2010-01-30,14949.833333333334
2010-01-31,14074.333333333334
2010-02-01,13589.875
2010-02-02,13339.708333333334
2010-02-03,12681.458333333334
2010-02-04,12471.708333333334
2010-02-05,12891.458333333334
2010-02-06,12890.875
2010-02-07,13286.625
2010-02-08,13787.208333333334
2010-02-09,13866.416666666666
2010-02-10,13978.75
2010-02-11,13042.041666666666
2010-02-12,12900.166666666666
2010-02-13,12853.25
2010-02-14,12480.291666666666
2010-02-15,13083.333333333334
2010-02-16,13078.708333333334
2010-02-17,13283.083333333334
2010-02-18,12414.708333333334
2010-02-19,11796.458333333334
2010-02-20,11178.25
2010-02-21,10775.625
2010-02-22,11430.208333333334
2010-02-23,11245.333333333334
2010-02-24,11651.458333333334
2010-02-25,12192.583333333334
2010-02-26,12874.958333333334
2010-02-27,11288.916666666666
2010-02-28,11087.5
2010-03-01,11133.958333333334
2010-03-02,11840.083333333334
2010-03-03,12523.083333333334
2010-03-04,11580.666666666666
2010-03-05,11509.166666666666
2010-03-06,10671.625
2010-03-07,10350.875
2010-03-08,10471.916666666666
2010-03-09,10255.291666666666
2010-03-10,9627.0
2010-03-11,9191.416666666666
2010-03-12,9255.25
2010-03-13,8825.916666666666
2010-03-14,9012.782608695652
2010-03-15,10116.625
2010-03-16,10096.666666666666
2010-03-17,10026.125
2010-03-18,9474.375
2010-03-19,9305.5
2010-03-20,8546.041666666666
2010-03-21,8169.708333333333
2010-03-22,8859.125
2010-03-23,9465.458333333334
2010-03-24,9373.833333333334
2010-03-25,9076.25
2010-03-26,9283.416666666666
2010-03-27,9810.375
2010-03-28,9461.916666666666
2010-03-29,9194.083333333334
2010-03-30,9229.541666666666
2010-03-31,9010.833333333334
2010-04-01,8888.0
2010-04-02,8642.333333333334
2010-04-03,8162.791666666667
2010-04-04,8095.166666666667
2010-04-05,9292.666666666666
2010-04-06,10427.166666666666
2010-04-07,10909.625
2010-04-08,10461.333333333334
2010-04-09,8678.625
2010-04-10,8229.875
2010-04-11,8271.833333333334
2010-04-12,8830.583333333334
2010-04-13,8818.958333333334
2010-04-14,8914.458333333334
2010-04-15,9146.416666666666
2010-04-16,9273.625
2010-04-17,8356.25
2010-04-18,8096.541666666667
2010-04-19,8916.875
2010-04-20,8895.25
2010-04-21,8865.416666666666
2010-04-22,8913.666666666666
2010-04-23,8723.458333333334
2010-04-24,8108.125
2010-04-25,8396.75
2010-04-26,9155.5
2010-04-27,8710.041666666666
2010-04-28,8882.791666666666
2010-04-29,9081.833333333334
2010-04-30,9278.083333333334
2010-05-01,9879.666666666666
2010-05-02,11217.583333333334
2010-05-03,11531.166666666666
2010-05-04,10961.708333333334
2010-05-05,10572.458333333334
2010-05-06,11234.958333333334
2010-05-07,9893.916666666666
2010-05-08,9795.666666666666
2010-05-09,7977.916666666667
2010-05-10,8754.666666666666
2010-05-11,8936.75
2010-05-12,9696.083333333334
2010-05-13,8946.541666666666
2010-05-14,10317.291666666666
2010-05-15,10234.416666666666
2010-05-16,9150.416666666666
2010-05-17,9067.041666666666
2010-05-18,8953.666666666666
2010-05-19,8926.416666666666
2010-05-20,9564.291666666666
2010-05-21,9999.125
2010-05-22,9298.541666666666
2010-05-23,9316.916666666666
2010-05-24,9952.958333333334
2010-05-25,10240.708333333334
2010-05-26,10942.5
2010-05-27,12215.666666666666
2010-05-28,10674.333333333334
2010-05-29,10151.916666666666
2010-05-30,11044.416666666666
2010-05-31,12114.666666666666
2010-06-01,12285.458333333334
2010-06-02,12585.291666666666
2010-06-03,12681.708333333334
2010-06-04,12822.458333333334
2010-06-05,12877.083333333334
2010-06-06,12607.875
2010-06-07,10884.791666666666
2010-06-08,10347.416666666666
2010-06-09,10237.041666666666
2010-06-10,12437.958333333334
2010-06-11,12034.333333333334
2010-06-12,12059.166666666666
2010-06-13,12894.541666666666
2010-06-14,13883.625
2010-06-15,12860.416666666666
2010-06-16,12251.583333333334
2010-06-17,12885.041666666666
2010-06-18,12074.416666666666
2010-06-19,12356.333333333334
2010-06-20,13233.625
2010-06-21,13825.625
2010-06-22,14357.041666666666
2010-06-23,14791.5
2010-06-24,15033.25
2010-06-25,13874.958333333334
2010-06-26,13308.5
2010-06-27,14126.333333333334
2010-06-28,15201.791666666666
2010-06-29,14224.666666666666
2010-06-30,11720.291666666666
2010-07-01,10816.375
2010-07-02,10371.333333333334
2010-07-03,10320.25
2010-07-04,11258.833333333334
2010-07-05,13054.5
2010-07-06,14630.875
2010-07-07,15033.541666666666
2010-07-08,14816.291666666666
2010-07-09,13979.291666666666
2010-07-10,12119.208333333334
2010-07-11,12139.166666666666
2010-07-12,12577.458333333334
2010-07-13,13265.541666666666
2010-07-14,13478.25
2010-07-15,14027.375
2010-07-16,14558.625
2010-07-17,13623.5
2010-07-18,13550.875
2010-07-19,14106.541666666666
2010-07-20,14027.291666666666
2010-07-21,14138.083333333334
2010-07-22,14657.333333333334
2010-07-23,15111.958333333334
2010-07-24,15693.416666666666
2010-07-25,15222.708333333334
2010-07-26,14046.0
2010-07-27,12453.666666666666
2010-07-28,14015.125
2010-07-29,14366.375
2010-07-30,12300.583333333334
2010-07-31,11159.916666666666
2010-08-01,10257.791666666666
2010-08-02,11519.625
2010-08-03,12670.541666666666
2010-08-04,13977.916666666666
2010-08-05,13762.833333333334
2010-08-06,13309.333333333334
2010-08-07,12076.333333333334
2010-08-08,12130.416666666666
2010-08-09,13863.541666666666
2010-08-10,14767.916666666666
2010-08-11,15051.791666666666
2010-08-12,14219.625
2010-08-13,12377.375
2010-08-14,11427.166666666666
2010-08-15,11487.833333333334
2010-08-16,13905.541666666666
2010-08-17,14144.0
2010-08-18,12592.875
2010-08-19,12199.791666666666
2010-08-20,12912.666666666666
2010-08-21,12455.5
2010-08-22,12509.875
2010-08-23,12705.125
2010-08-24,11119.541666666666
2010-08-25,11124.375
2010-08-26,12015.125
2010-08-27,11683.791666666666
2010-08-28,11331.666666666666
2010-08-29,11761.708333333334
2010-08-30,13320.083333333334
2010-08-31,13525.125
2010-09-01,13652.416666666666
2010-09-02,13274.083333333334
2010-09-03,12541.25
2010-09-04,10791.958333333334
2010-09-05,9476.458333333334
2010-09-06,10327.375
2010-09-07,12174.875
2010-09-08,12671.625
2010-09-09,10966.833333333334
2010-09-10,9883.208333333334
2010-09-11,9183.958333333334
2010-09-12,9278.125
2010-09-13,10519.666666666666
2010-09-14,10959.416666666666
2010-09-15,10790.375
2010-09-16,11351.208333333334
2010-09-17,11441.125
2010-09-18,9737.041666666666
2010-09-19,9830.375
2010-09-20,10599.458333333334
2010-09-21,10087.958333333334
2010-09-22,11896.0
2010-09-23,12701.833333333334
2010-09-24,12993.583333333334
2010-09-25,12071.416666666666
2010-09-26,10073.333333333334
2010-09-27,10328.208333333334
2010-09-28,10711.833333333334
2010-09-29,9511.625
2010-09-30,10425.5
2010-10-01,9364.75
2010-10-02,8240.25
2010-10-03,8151.0
2010-10-04,8782.916666666666
2010-10-05,8939.875
2010-10-06,8908.083333333334
2010-10-07,9040.583333333334
2010-10-08,8904.583333333334
2010-10-09,8475.0
2010-10-10,8562.208333333334
2010-10-11,9908.375
2010-10-12,10121.833333333334
2010-10-13,9232.041666666666
2010-10-14,9024.208333333334
2010-10-15,8845.416666666666
2010-10-16,8358.791666666666
2010-10-17,8382.0
2010-10-18,8858.0
2010-10-19,8908.75
2010-10-20,8997.0
2010-10-21,8984.625
2010-10-22,8941.541666666666
2010-10-23,8666.416666666666
2010-10-24,8237.125
2010-10-25,9101.041666666666
2010-10-26,9445.125
2010-10-27,10406.5
2010-10-28,9993.0
2010-10-29,8827.75
2010-10-30,8893.75
2010-10-31,8396.625
2010-11-01,9309.041666666666
2010-11-02,10115.333333333334
2010-11-03,9921.416666666666
2010-11-04,9600.166666666666
2010-11-05,9445.208333333334
2010-11-06,9412.708333333334
2010-11-07,9878.652173913044
2010-11-08,10280.541666666666
2010-11-09,9685.166666666666
2010-11-10,9558.958333333334
2010-11-11,9665.25
2010-11-12,10085.958333333334
2010-11-13,9502.875
2010-11-14,9329.666666666666
2010-11-15,9580.958333333334
2010-11-16,9461.708333333334
2010-11-17,9073.0
2010-11-18,10070.0
2010-11-19,10216.25
2010-11-20,9397.125
2010-11-21,9062.125
2010-11-22,9480.166666666666
2010-11-23,9246.75
2010-11-24,9660.0
2010-11-25,9202.666666666666
2010-11-26,8691.25
2010-11-27,9817.041666666666
2010-11-28,10610.375
2010-11-29,11371.458333333334
2010-11-30,9905.25
2010-12-01,9611.166666666666
2010-12-02,11591.708333333334
2010-12-03,11410.583333333334
2010-12-04,11529.875
2010-12-05,11878.666666666666
2010-12-06,13198.291666666666
2010-12-07,13597.791666666666
2010-12-08,13884.875
2010-12-09,13745.916666666666
2010-12-10,13274.260869565218
2010-12-11,12214.833333333334
2010-12-12,10869.666666666666
2010-12-13,13337.541666666666
2010-12-14,15607.416666666666
2010-12-15,15276.0
2010-12-16,15220.083333333334
2010-12-17,13867.041666666666
2010-12-18,13409.875
2010-12-19,12734.791666666666
2010-12-20,14025.416666666666
2010-12-21,13527.333333333334
2010-12-22,12594.833333333334
2010-12-23,12871.541666666666
2010-12-24,12430.75
2010-12-25,11935.041666666666
2010-12-26,13230.333333333334
2010-12-27,13892.333333333334
2010-12-28,13268.666666666666
2010-12-29,12819.625
2010-12-30,12976.125
2010-12-31,11559.708333333334
2011-01-01,10061.125
2011-01-02,9443.666666666666
2011-01-03,12550.458333333334
2011-01-04,13252.916666666666
2011-01-05,12630.916666666666
2011-01-06,12706.916666666666
2011-01-07,12800.625
2011-01-08,12914.25
2011-01-09,14024.541666666666
2011-01-10,14213.458333333334
2011-01-11,13904.666666666666
2011-01-12,13833.5
2011-01-13,13818.375
2011-01-14,13764.125
2011-01-15,12292.458333333334
2011-01-16,11378.083333333334
2011-01-17,12643.416666666666
2011-01-18,12894.416666666666
2011-01-19,11352.5
2011-01-20,11805.833333333334
2011-01-21,12209.791666666666
2011-01-22,14547.583333333334
2011-01-23,14305.875
2011-01-24,14770.291666666666
2011-01-25,12535.041666666666
2011-01-26,12501.541666666666
2011-01-27,12640.5
2011-01-28,13017.25
2011-01-29,12297.583333333334
2011-01-30,11480.291666666666
2011-01-31,12728.25
2011-02-01,12562.0
2011-02-02,10761.416666666666
2011-02-03,12379.166666666666
2011-02-04,12485.0
2011-02-05,11335.75
2011-02-06,10635.416666666666
2011-02-07,11697.416666666666
2011-02-08,11658.75
2011-02-09,13434.458333333334
2011-02-10,13169.333333333334
2011-02-11,13162.5
2011-02-12,11889.041666666666
2011-02-13,10752.416666666666
2011-02-14,10177.166666666666
2011-02-15,11020.416666666666
2011-02-16,11346.541666666666
2011-02-17,9968.916666666666
2011-02-18,9021.416666666666
2011-02-19,8811.375
2011-02-20,9914.0
2011-02-21,10111.375
2011-02-22,12339.541666666666
2011-02-23,12016.833333333334
2011-02-24,11591.625
2011-02-25,9797.291666666666
2011-02-26,10283.0
2011-02-27,9413.166666666666
2011-02-28,9322.125
2011-03-01,10353.833333333334
2011-03-02,10749.666666666666
2011-03-03,11431.0
2011-03-04,11249.083333333334
2011-03-05,9393.5
2011-03-06,8949.25
2011-03-07,10769.25
2011-03-08,10980.875
2011-03-09,10947.958333333334
2011-03-10,9936.25
2011-03-11,10287.125
2011-03-12,9929.583333333334
2011-03-13,8733.434782608696
2011-03-14,10092.75
2011-03-15,10518.041666666666
2011-03-16,9775.666666666666
2011-03-17,9478.875
2011-03-18,9010.666666666666
2011-03-19,8105.958333333333
2011-03-20,8770.916666666666
2011-03-21,9464.833333333334
2011-03-22,8826.333333333334
2011-03-23,9145.833333333334
2011-03-24,9528.541666666666
2011-03-25,10237.125
2011-03-26,9910.125
2011-03-27,10706.916666666666
2011-03-28,11417.416666666666
2011-03-29,10888.625
2011-03-30,10892.75
2011-03-31,10927.166666666666
2011-04-01,10543.458333333334
2011-04-02,9869.041666666666
2011-04-03,9243.625
2011-04-04,9301.583333333334
2011-04-05,8868.083333333334
2011-04-06,9392.541666666666
2011-04-07,8951.583333333334
2011-04-08,9067.375
2011-04-09,9051.625
2011-04-10,8470.416666666666
2011-04-11,9348.375
2011-04-12,9302.291666666666
2011-04-13,8799.833333333334
2011-04-14,8970.583333333334
2011-04-15,8765.333333333334
2011-04-16,8369.25
2011-04-17,8085.666666666667
2011-04-18,8875.291666666666
2011-04-19,9022.875
2011-04-20,9727.708333333334
2011-04-21,8823.125
2011-04-22,8875.708333333334
2011-04-23,8617.5
2011-04-24,9202.708333333334
2011-04-25,10819.958333333334
2011-04-26,10994.333333333334
2011-04-27,10865.083333333334
2011-04-28,10723.583333333334
2011-04-29,9073.458333333334
2011-04-30,8180.666666666667
2011-05-01,8060.958333333333
2011-05-02,9408.583333333334
2011-05-03,10293.875
2011-05-04,8956.041666666666
2011-05-05,8883.083333333334
2011-05-06,8781.25
2011-05-07,8322.166666666666
2011-05-08,8123.833333333333
2011-05-09,9153.708333333334
2011-05-10,9117.958333333334
2011-05-11,9237.791666666666
2011-05-12,9187.791666666666
2011-05-13,8980.458333333334
2011-05-14,8708.0
2011-05-15,8977.125
2011-05-16,9808.333333333334
2011-05-17,9538.583333333334
2011-05-18,9517.75
2011-05-19,9320.166666666666
2011-05-20,9283.416666666666
2011-05-21,9293.958333333334
2011-05-22,9703.041666666666
2011-05-23,11236.833333333334
2011-05-24,11737.625
2011-05-25,11717.833333333334
2011-05-26,12789.791666666666
2011-05-27,12027.625
2011-05-28,10574.791666666666
2011-05-29,10928.125
2011-05-30,12768.916666666666
2011-05-31,14077.416666666666
2011-06-01,14226.833333333334
2011-06-02,12970.166666666666
2011-06-03,10587.125
2011-06-04,9876.708333333334
2011-06-05,10175.791666666666
2011-06-06,11659.083333333334
2011-06-07,12095.291666666666
2011-06-08,13793.291666666666
2011-06-09,14933.0
2011-06-10,13898.625
2011-06-11,12387.0
2011-06-12,11820.291666666666
2011-06-13,11199.75
2011-06-14,10458.666666666666
2011-06-15,10429.041666666666
2011-06-16,10889.791666666666
2011-06-17,11644.833333333334
2011-06-18,11825.833333333334
2011-06-19,11258.0
2011-06-20,11104.083333333334
2011-06-21,12108.791666666666
2011-06-22,13382.375
2011-06-23,13152.708333333334
2011-06-24,12673.958333333334
2011-06-25,11505.375
2011-06-26,10915.583333333334
2011-06-27,12197.75
2011-06-28,13360.083333333334
2011-06-29,12730.708333333334
2011-06-30,12014.833333333334
2011-07-01,11949.583333333334
2011-07-02,11724.708333333334
2011-07-03,12256.375
2011-07-04,12098.458333333334
2011-07-05,12919.333333333334
2011-07-06,12395.083333333334
2011-07-07,13175.25
2011-07-08,12871.666666666666
2011-07-09,12139.5
2011-07-10,12236.25
2011-07-11,13931.958333333334
2011-07-12,14812.5
2011-07-13,14309.041666666666
2011-07-14,12023.833333333334
2011-07-15,11164.75
2011-07-16,11005.333333333334
2011-07-17,11673.333333333334
2011-07-18,13359.458333333334
2011-07-19,14020.75
2011-07-20,14769.041666666666
2011-07-21,15730.416666666666
2011-07-22,16321.916666666666
2011-07-23,15379.625
2011-07-24,14285.125
2011-07-25,14289.375
2011-07-26,13931.041666666666
2011-07-27,14055.0
2011-07-28,14391.041666666666
2011-07-29,15364.708333333334
2011-07-30,14354.375
2011-07-31,12820.958333333334
2011-08-01,13767.5
2011-08-02,13755.708333333334
2011-08-03,13398.291666666666
2011-08-04,13656.375
2011-08-05,12910.375
2011-08-06,12303.375
2011-08-07,13454.791666666666
2011-08-08,14319.666666666666
2011-08-09,14132.958333333334
2011-08-10,13732.916666666666
2011-08-11,12697.583333333334
2011-08-12,12162.458333333334
2011-08-13,11356.041666666666
2011-08-14,11529.25
2011-08-15,11803.958333333334
2011-08-16,11951.458333333334
2011-08-17,12299.291666666666
2011-08-18,12493.291666666666
2011-08-19,12134.375
2011-08-20,11759.166666666666
2011-08-21,12124.0
2011-08-22,12104.75
2011-08-23,10994.75
2011-08-24,11589.208333333334
2011-08-25,12624.0
2011-08-26,12508.333333333334
2011-08-27,9804.708333333334
2011-08-28,8275.541666666666
2011-08-29,9646.708333333334
2011-08-30,10171.833333333334
2011-08-31,10465.916666666666
2011-09-01,10632.541666666666
2011-09-02,10827.541666666666
2011-09-03,10583.541666666666
2011-09-04,11357.083333333334
2011-09-05,11504.291666666666
2011-09-06,10895.625
2011-09-07,11128.416666666666
2011-09-08,11436.458333333334
2011-09-09,11778.041666666666
2011-09-10,11154.0
2011-09-11,11063.541666666666
2011-09-12,11378.291666666666
2011-09-13,11503.75
2011-09-14,11986.75
2011-09-15,11074.291666666666
2011-09-16,8748.541666666666
2011-09-17,8196.666666666666
2011-09-18,8217.125
2011-09-19,9220.333333333334
2011-09-20,9677.583333333334
2011-09-21,10267.416666666666
2011-09-22,10997.375
2011-09-23,10526.333333333334
2011-09-24,9587.25
2011-09-25,9747.166666666666
2011-09-26,11090.958333333334
2011-09-27,11209.541666666666
2011-09-28,11102.375
2011-09-29,10648.916666666666
2011-09-30,9767.416666666666
2011-10-01,8227.916666666666
2011-10-02,8332.833333333334
2011-10-03,9146.875
2011-10-04,9023.416666666666
2011-10-05,9047.416666666666
2011-10-06,8944.208333333334
2011-10-07,8944.166666666666
2011-10-08,8309.791666666666
2011-10-09,8342.416666666666
2011-10-10,9153.541666666666
2011-10-11,9260.375
2011-10-12,9430.208333333334
2011-10-13,9767.208333333334
2011-10-14,9300.166666666666
2011-10-15,8209.166666666666
2011-10-16,8196.25
2011-10-17,9126.666666666666
2011-10-18,9371.375
2011-10-19,9491.166666666666
2011-10-20,8944.208333333334
2011-10-21,8918.833333333334
2011-10-22,8326.416666666666
2011-10-23,8468.0
2011-10-24,9040.958333333334
2011-10-25,9017.541666666666
2011-10-26,9074.791666666666
2011-10-27,9026.625
2011-10-28,9358.708333333334
2011-10-29,9980.875
2011-10-30,10000.375
2011-10-31,10296.375
2011-11-01,9643.875
2011-11-02,9862.958333333334
2011-11-03,9658.708333333334
2011-11-04,9408.916666666666
2011-11-05,9494.416666666666
2011-11-06,9294.521739130434
2011-11-07,9580.375
2011-11-08,9649.416666666666
2011-11-09,9597.666666666666
2011-11-10,9419.666666666666
2011-11-11,10282.916666666666
2011-11-12,10009.791666666666
2011-11-13,9055.5
2011-11-14,9131.291666666666
2011-11-15,9043.291666666666
2011-11-16,9237.833333333334
2011-11-17,9947.791666666666
2011-11-18,11217.25
2011-11-19,10384.875
2011-11-20,8865.5
2011-11-21,9075.291666666666
2011-11-22,9313.291666666666
2011-11-23,9285.541666666666
2011-11-24,9088.666666666666
2011-11-25,9177.0
2011-11-26,8975.25
2011-11-27,8595.125
2011-11-28,9036.791666666666
2011-11-29,9347.458333333334
2011-11-30,10527.875
2011-12-01,10951.0
2011-12-02,10998.833333333334
2011-12-03,10204.708333333334
2011-12-04,10031.833333333334
2011-12-05,10014.125
2011-12-06,9308.625
2011-12-07,9379.083333333334
2011-12-08,10787.416666666666
2011-12-09,11308.291666666666
2011-12-10,10450.791666666666
2011-12-11,11455.791666666666
2011-12-12,12144.583333333334
2011-12-13,11644.166666666666
2011-12-14,11009.875
2011-12-15,10073.208333333334
2011-12-16,9759.458333333334
2011-12-17,10846.0
2011-12-18,11507.333333333334
2011-12-19,11975.208333333334
2011-12-20,10407.833333333334
2011-12-21,9911.25
2011-12-22,9291.666666666666
2011-12-23,9227.75
2011-12-24,9733.166666666666
2011-12-25,10196.166666666666
2011-12-26,10090.958333333334
2011-12-27,10847.958333333334
2011-12-28,10646.916666666666
2011-12-29,11736.958333333334
2011-12-30,10647.75
2011-12-31,9123.208333333334
2012-01-01,9475.25
2012-01-02,10587.333333333334
2012-01-03,13584.708333333334
2012-01-04,14265.166666666666
2012-01-05,11898.708333333334
2012-01-06,10776.125
2012-01-07,9527.166666666666
2012-01-08,9615.166666666666
2012-01-09,11631.208333333334
2012-01-10,11138.75
2012-01-11,11630.708333333334
2012-01-12,9884.75
2012-01-13,11145.166666666666
2012-01-14,11936.458333333334
2012-01-15,12119.583333333334
2012-01-16,13000.208333333334
2012-01-17,10574.75
2012-01-18,10580.75
2012-01-19,12397.5
2012-01-20,11960.625
2012-01-21,11875.166666666666
2012-01-22,12425.166666666666
2012-01-23,12080.75
2012-01-24,10038.75
2012-01-25,10728.416666666666
2012-01-26,10283.791666666666
2012-01-27,9271.083333333334
2012-01-28,9769.541666666666
2012-01-29,10332.5
2012-01-30,11203.5
2012-01-31,10286.75
2012-02-01,9396.708333333334
2012-02-02,9282.0
2012-02-03,10442.5
2012-02-04,10624.333333333334
2012-02-05,10722.5
2012-02-06,11677.666666666666
2012-02-07,10633.5
2012-02-08,11644.833333333334
2012-02-09,11511.166666666666
2012-02-10,11428.5
2012-02-11,11273.583333333334
2012-02-12,13489.75
2012-02-13,12788.291666666666
2012-02-14,11076.0
2012-02-15,10302.541666666666
2012-02-16,10822.916666666666
2012-02-17,10219.041666666666
2012-02-18,9912.958333333334
2012-02-19,10646.916666666666
2012-02-20,11698.958333333334
2012-02-21,11951.083333333334
2012-02-22,10094.458333333334
2012-02-23,9360.958333333334
2012-02-24,9120.666666666666
2012-02-25,10022.083333333334
2012-02-26,10587.5
2012-02-27,10703.375
2012-02-28,9918.458333333334
2012-02-29,10447.333333333334
2012-03-01,9091.666666666666
2012-03-02,9674.708333333334
2012-03-03,8924.5
2012-03-04,9682.083333333334
2012-03-05,12030.458333333334
2012-03-06,11675.0
2012-03-07,10403.916666666666
2012-03-08,9180.25
2012-03-09,9197.333333333334
2012-03-10,10018.333333333334
2012-03-11,9812.521739130434
2012-03-12,9521.708333333334
2012-03-13,9054.166666666666
2012-03-14,9210.791666666666
2012-03-15,9329.708333333334
2012-03-16,8927.0
2012-03-17,8319.25
2012-03-18,8079.583333333333
2012-03-19,8999.166666666666
2012-03-20,9205.333333333334
2012-03-21,9102.166666666666
2012-03-22,9355.625
2012-03-23,9735.083333333334
2012-03-24,8647.541666666666
2012-03-25,8158.291666666667
2012-03-26,8751.083333333334
2012-03-27,9450.25
2012-03-28,9415.375
2012-03-29,8866.375
2012-03-30,8859.0
2012-03-31,8106.958333333333
2012-04-01,7853.208333333333
2012-04-02,8487.75
2012-04-03,8945.0
2012-04-04,8907.416666666666
2012-04-05,8640.083333333334
2012-04-06,8886.541666666666
2012-04-07,8596.875
2012-04-08,8212.375
2012-04-09,8591.75
2012-04-10,8763.625
2012-04-11,9255.291666666666
2012-04-12,9511.041666666666
2012-04-13,9097.291666666666
2012-04-14,8379.666666666666
2012-04-15,8685.958333333334
2012-04-16,10451.541666666666
2012-04-17,9842.458333333334
2012-04-18,8801.25
2012-04-19,8824.875
2012-04-20,8861.625
2012-04-21,8663.958333333334
2012-04-22,8327.375
2012-04-23,9507.75
2012-04-24,9366.916666666666
2012-04-25,9221.5
2012-04-26,8857.208333333334
2012-04-27,8646.75
2012-04-28,8455.25
2012-04-29,8279.625
2012-04-30,8769.583333333334
2012-05-01,9815.916666666666
2012-05-02,10510.208333333334
2012-05-03,10083.541666666666
2012-05-04,10647.25
2012-05-05,9904.833333333334
2012-05-06,8812.791666666666
2012-05-07,9177.333333333334
2012-05-08,9457.166666666666
2012-05-09,9570.583333333334
2012-05-10,8885.666666666666
2012-05-11,8793.333333333334
2012-05-12,8528.583333333334
2012-05-13,8765.458333333334
2012-05-14,9521.916666666666
2012-05-15,10226.916666666666
2012-05-16,10318.5
2012-05-17,9771.625
2012-05-18,9111.75
2012-05-19,8647.791666666666
2012-05-20,8755.833333333334
2012-05-21,9827.625
2012-05-22,10204.708333333334
2012-05-23,10542.291666666666
2012-05-24,10720.25
2012-05-25,11403.125
2012-05-26,11161.916666666666
2012-05-27,11131.583333333334
2012-05-28,12003.583333333334
2012-05-29,12950.666666666666
2012-05-30,11215.458333333334
2012-05-31,11519.291666666666
2012-06-01,11070.583333333334
2012-06-02,9346.208333333334
2012-06-03,9120.958333333334
2012-06-04,9990.25
2012-06-05,9148.041666666666
2012-06-06,9259.75
2012-06-07,9897.75
2012-06-08,10438.833333333334
2012-06-09,10827.083333333334
2012-06-10,11521.0
2012-06-11,11969.666666666666
2012-06-12,11397.458333333334
2012-06-13,11234.75
2012-06-14,10459.208333333334
2012-06-15,10421.583333333334
2012-06-16,9506.541666666666
2012-06-17,9129.541666666666
2012-06-18,9637.5
2012-06-19,11824.0
2012-06-20,13689.041666666666
2012-06-21,14331.041666666666
2012-06-22,13628.75
2012-06-23,11830.625
2012-06-24,11736.625
2012-06-25,12251.166666666666
2012-06-26,10291.25
2012-06-27,10930.125
2012-06-28,12452.333333333334
2012-06-29,14573.041666666666
2012-06-30,11177.958333333334
2012-07-01,12543.333333333334
2012-07-02,13337.041666666666
2012-07-03,13719.0
2012-07-04,13590.375
2012-07-05,14962.666666666666
2012-07-06,15028.333333333334
2012-07-07,15112.5
2012-07-08,15212.083333333334
2012-07-09,13653.541666666666
2012-07-10,12589.625
2012-07-11,12257.208333333334
2012-07-12,12205.166666666666
2012-07-13,11987.291666666666
2012-07-14,11870.125
2012-07-15,12698.708333333334
2012-07-16,13980.375
2012-07-17,14636.208333333334
2012-07-18,15104.833333333334
2012-07-19,14724.0
2012-07-20,13157.791666666666
2012-07-21,10746.125
2012-07-22,10941.291666666666
2012-07-23,13176.25
2012-07-24,13424.0
2012-07-25,12668.25
2012-07-26,14343.666666666666
2012-07-27,14652.125
2012-07-28,13210.958333333334
2012-07-29,12572.083333333334
2012-07-30,13080.416666666666
2012-07-31,12882.291666666666
2012-08-01,12587.25
2012-08-02,13347.458333333334
2012-08-03,13474.333333333334
2012-08-04,13498.0
2012-08-05,13511.25
2012-08-06,13361.833333333334
2012-08-07,12816.166666666666
2012-08-08,12887.75
2012-08-09,13455.458333333334
2012-08-10,12869.833333333334
2012-08-11,11817.958333333334
2012-08-12,11240.166666666666
2012-08-13,12549.083333333334
2012-08-14,13123.666666666666
2012-08-15,12447.375
2012-08-16,12269.208333333334
2012-08-17,12563.458333333334
2012-08-18,11389.041666666666
2012-08-19,9761.25
2012-08-20,10610.625
2012-08-21,11056.75
2012-08-22,11381.583333333334
2012-08-23,11855.375
2012-08-24,11322.375
2012-08-25,10365.75
2012-08-26,10678.958333333334
2012-08-27,12366.666666666666
2012-08-28,12978.791666666666
2012-08-29,12242.541666666666
2012-08-30,12253.75
2012-08-31,13143.333333333334
2012-09-01,12479.291666666666
2012-09-02,11699.25
2012-09-03,11696.875
2012-09-04,12930.166666666666
2012-09-05,13304.541666666666
2012-09-06,12328.958333333334
2012-09-07,12320.916666666666
2012-09-08,11710.208333333334
2012-09-09,9740.208333333334
2012-09-10,9731.125
2012-09-11,9574.041666666666
2012-09-12,9752.083333333334
2012-09-13,10057.916666666666
2012-09-14,10437.916666666666
2012-09-15,9312.708333333334
2012-09-16,8642.833333333334
2012-09-17,9654.541666666666
2012-09-18,10577.833333333334
2012-09-19,9398.125
2012-09-20,9324.041666666666
2012-09-21,9746.916666666666
2012-09-22,9875.791666666666
2012-09-23,8727.666666666666
2012-09-24,8882.958333333334
2012-09-25,9066.458333333334
2012-09-26,9985.375
2012-09-27,10670.75
2012-09-28,10339.791666666666
2012-09-29,8575.166666666666
2012-09-30,8377.666666666666
2012-10-01,8961.208333333334
2012-10-02,9933.708333333334
2012-10-03,11106.666666666666
2012-10-04,10842.875
2012-10-05,9956.291666666666
2012-10-06,9029.208333333334
2012-10-07,8141.0
2012-10-08,8988.708333333334
2012-10-09,9191.416666666666
2012-10-10,8886.541666666666
2012-10-11,8879.291666666666
2012-10-12,8996.541666666666
2012-10-13,8593.125
2012-10-14,8515.416666666666
2012-10-15,9099.75
2012-10-16,8927.333333333334
2012-10-17,9060.583333333334
2012-10-18,9158.75
2012-10-19,9221.708333333334
2012-10-20,8247.375
2012-10-21,8261.208333333334
2012-10-22,9127.75
2012-10-23,9121.375
2012-10-24,9248.666666666666
2012-10-25,9265.291666666666
2012-10-26,9107.208333333334
2012-10-27,8373.666666666666
2012-10-28,8336.75
2012-10-29,9361.833333333334
2012-10-30,10211.958333333334
2012-10-31,10028.791666666666
2012-11-01,9930.291666666666
2012-11-02,10094.708333333334
2012-11-03,9846.333333333334
2012-11-04,9657.826086956522
2012-11-05,10514.708333333334
2012-11-06,11211.75
2012-11-07,10986.333333333334
2012-11-08,10681.625
2012-11-09,10396.5
2012-11-10,9525.25
2012-11-11,8893.125
2012-11-12,9119.458333333334
2012-11-13,9746.875
2012-11-14,11103.416666666666
2012-11-15,11023.25
2012-11-16,10503.5
2012-11-17,10301.375
2012-11-18,9721.208333333334
2012-11-19,10213.166666666666
2012-11-20,10269.5
2012-11-21,10451.875
2012-11-22,9834.708333333334
2012-11-23,9768.458333333334
2012-11-24,10131.666666666666
2012-11-25,11213.875
2012-11-26,10916.625
2012-11-27,11041.791666666666
2012-11-28,11369.041666666666
2012-11-29,11964.375
2012-11-30,11434.666666666666
2012-12-01,10518.208333333334
2012-12-02,10103.958333333334
2012-12-03,9319.708333333334
2012-12-04,9391.708333333334
2012-12-05,9493.125
2012-12-06,11212.875
2012-12-07,10735.291666666666
2012-12-08,9104.416666666666
2012-12-09,9156.166666666666
2012-12-10,9522.791666666666
2012-12-11,9808.083333333334
2012-12-12,11075.125
2012-12-13,11306.416666666666
2012-12-14,11677.083333333334
2012-12-15,10925.25
2012-12-16,9809.083333333334
2012-12-17,9896.916666666666
2012-12-18,9744.125
2012-12-19,10617.0
2012-12-20,11029.916666666666
2012-12-21,11039.416666666666
2012-12-22,11436.125
2012-12-23,11321.458333333334
2012-12-24,11249.416666666666
2012-12-25,9832.041666666666
2012-12-26,11475.75
2012-12-27,11518.458333333334
2012-12-28,11851.458333333334
2012-12-29,11273.291666666666
2012-12-30,11410.125
2012-12-31,12415.916666666666
2013-01-01,10719.791666666666
2013-01-02,11730.125
2013-01-03,12602.375
2013-01-04,12647.333333333334
2013-01-05,11519.375
2013-01-06,10640.5
2013-01-07,11318.75
2013-01-08,11988.875
2013-01-09,11002.583333333334
2013-01-10,10307.333333333334
2013-01-11,10985.708333333334
2013-01-12,9531.75
2013-01-13,9125.166666666666
2013-01-14,9485.875
2013-01-15,11142.666666666666
2013-01-16,11496.541666666666
2013-01-17,11482.958333333334
2013-01-18,12287.541666666666
2013-01-19,11593.791666666666
2013-01-20,10141.625
2013-01-21,11316.208333333334
2013-01-22,13730.416666666666
2013-01-23,14925.75
2013-01-24,14786.0
2013-01-25,15922.375
2013-01-26,13910.791666666666
2013-01-27,12808.083333333334
2013-01-28,12665.958333333334
2013-01-29,10099.583333333334
2013-01-30,9368.708333333334
2013-01-31,10105.791666666666
2013-02-01,12935.791666666666
2013-02-02,13751.875
2013-02-03,12300.375
2013-02-04,13048.208333333334
2013-02-05,11677.625
2013-02-06,11236.333333333334
2013-02-07,12140.458333333334
2013-02-08,11742.958333333334
2013-02-09,11623.583333333334
2013-02-10,11820.458333333334
2013-02-11,10771.958333333334
2013-02-12,9954.0
2013-02-13,10888.541666666666
2013-02-14,11295.416666666666
2013-02-15,10913.833333333334
2013-02-16,11482.75
2013-02-17,13164.375
2013-02-18,13381.875
2013-02-19,11986.041666666666
2013-02-20,12000.916666666666
2013-02-21,12727.833333333334
2013-02-22,12612.416666666666
2013-02-23,11288.083333333334
2013-02-24,10071.166666666666
2013-02-25,11945.5
2013-02-26,12379.75
2013-02-27,10306.25
2013-02-28,10910.083333333334
2013-03-01,11424.041666666666
2013-03-02,11544.875
2013-03-03,11736.958333333334
2013-03-04,12259.625
2013-03-05,11857.666666666666
2013-03-06,12335.791666666666
2013-03-07,11529.958333333334
2013-03-08,11561.208333333334
2013-03-09,10300.791666666666
2013-03-10,10111.521739130434
2013-03-11,9952.583333333334
2013-03-12,9430.166666666666
2013-03-13,10459.375
2013-03-14,11466.333333333334
2013-03-15,11010.625
2013-03-16,9377.333333333334
2013-03-17,10384.125
2013-03-18,12242.833333333334
2013-03-19,10751.541666666666
2013-03-20,10597.958333333334
2013-03-21,11795.708333333334
2013-03-22,11949.583333333334
2013-03-23,10640.875
2013-03-24,11245.625
2013-03-25,12255.0
2013-03-26,11548.208333333334
2013-03-27,11205.75
2013-03-28,11114.791666666666
2013-03-29,10349.916666666666
2013-03-30,9517.083333333334
2013-03-31,9244.958333333334
2013-04-01,9301.791666666666
2013-04-02,10070.291666666666
2013-04-03,10537.625
2013-04-04,11007.166666666666
2013-04-05,10168.333333333334
2013-04-06,9246.916666666666
2013-04-07,9043.375
2013-04-08,9078.25
2013-04-09,9793.041666666666
2013-04-10,10855.333333333334
2013-04-11,10907.375
2013-04-12,9949.416666666666
2013-04-13,8397.291666666666
2013-04-14,8228.5
2013-04-15,8818.666666666666
2013-04-16,9147.5
2013-04-17,9727.833333333334
2013-04-18,9697.5
2013-04-19,9786.791666666666
2013-04-20,8143.416666666667
2013-04-21,8327.666666666666
2013-04-22,9606.666666666666
2013-04-23,9406.583333333334
2013-04-24,9329.958333333334
2013-04-25,8824.5
2013-04-26,8897.458333333334
2013-04-27,8300.833333333334
2013-04-28,8181.125
2013-04-29,8959.041666666666
2013-04-30,8877.916666666666
2013-05-01,8860.583333333334
2013-05-02,8863.708333333334
2013-05-03,8810.041666666666
2013-05-04,8391.958333333334
2013-05-05,8341.291666666666
2013-05-06,9007.125
2013-05-07,9142.916666666666
2013-05-08,9038.958333333334
2013-05-09,9306.208333333334
2013-05-10,9962.25
2013-05-11,9591.791666666666
2013-05-12,8466.625
2013-05-13,8834.666666666666
2013-05-14,9131.708333333334
2013-05-15,9829.875
2013-05-16,10862.875
2013-05-17,10606.291666666666
2013-05-18,8860.5
2013-05-19,9047.291666666666
2013-05-20,10462.125
2013-05-21,11118.25
2013-05-22,11873.583333333334
2013-05-23,11088.583333333334
2013-05-24,9124.458333333334
2013-05-25,8241.958333333334
2013-05-26,8132.125
2013-05-27,8514.875
2013-05-28,10236.416666666666
2013-05-29,11918.0
2013-05-30,12489.166666666666
2013-05-31,12581.708333333334
2013-06-01,12297.666666666666
2013-06-02,11636.125
2013-06-03,11328.583333333334
2013-06-04,10371.833333333334
2013-06-05,10243.166666666666
2013-06-06,10065.458333333334
2013-06-07,10421.416666666666
2013-06-08,10174.5
2013-06-09,10661.666666666666
2013-06-10,11527.041666666666
2013-06-11,11797.75
2013-06-12,12707.5
2013-06-13,12499.458333333334
2013-06-14,10055.75
2013-06-15,10175.166666666666
2013-06-16,10834.75
2013-06-17,12205.833333333334
2013-06-18,11262.75
2013-06-19,10497.333333333334
2013-06-20,10667.166666666666
2013-06-21,10657.708333333334
2013-06-22,10863.791666666666
2013-06-23,11404.125
2013-06-24,13052.708333333334
2013-06-25,13649.25
2013-06-26,13409.291666666666
2013-06-27,12351.541666666666
2013-06-28,12893.833333333334
2013-06-29,11924.958333333334
2013-06-30,11869.375
2013-07-01,12165.083333333334
2013-07-02,11977.375
2013-07-03,12270.75
2013-07-04,12471.041666666666
2013-07-05,13289.916666666666
2013-07-06,13318.375
2013-07-07,13096.916666666666
2013-07-08,13010.833333333334
2013-07-09,13049.5
2013-07-10,13413.75
2013-07-11,12552.0
2013-07-12,11024.0
2013-07-13,11491.0
2013-07-14,12625.333333333334
2013-07-15,14015.458333333334
2013-07-16,14675.833333333334
2013-07-17,14680.708333333334
2013-07-18,15117.875
2013-07-19,15314.166666666666
2013-07-20,14231.541666666666
2013-07-21,13233.875
2013-07-22,13509.708333333334
2013-07-23,13668.333333333334
2013-07-24,13214.916666666666
2013-07-25,11470.583333333334
2013-07-26,11473.791666666666
2013-07-27,11140.875
2013-07-28,11482.0
2013-07-29,11892.833333333334
2013-07-30,11685.791666666666
2013-07-31,11315.041666666666
2013-08-01,11611.625
2013-08-02,12098.916666666666
2013-08-03,11163.375
2013-08-04,10732.583333333334
2013-08-05,10964.666666666666
2013-08-06,10546.833333333334
2013-08-07,11962.75
2013-08-08,12863.625
2013-08-09,13908.208333333334
2013-08-10,12431.25
2013-08-11,11708.875
2013-08-12,13237.583333333334
2013-08-13,13248.875
2013-08-14,10852.458333333334
2013-08-15,9927.958333333334
2013-08-16,9926.5
2013-08-17,9608.333333333334
2013-08-18,9632.083333333334
2013-08-19,10101.75
2013-08-20,11579.583333333334
2013-08-21,12518.166666666666
2013-08-22,12900.083333333334
2013-08-23,11384.458333333334
2013-08-24,10214.083333333334
2013-08-25,10017.791666666666
2013-08-26,11041.791666666666
2013-08-27,12323.416666666666
2013-08-28,12074.458333333334
2013-08-29,12212.5
2013-08-30,12064.708333333334
2013-08-31,12030.833333333334
2013-09-01,12221.583333333334
2013-09-02,12597.458333333334
2013-09-03,12611.083333333334
2013-09-04,11358.125
2013-09-05,11607.416666666666
2013-09-06,10554.25
2013-09-07,9711.041666666666
2013-09-08,10889.916666666666
2013-09-09,11399.333333333334
2013-09-10,12793.041666666666
2013-09-11,13407.208333333334
2013-09-12,13062.75
2013-09-13,11347.125
2013-09-14,8945.666666666666
2013-09-15,8883.083333333334
2013-09-16,9892.708333333334
2013-09-17,9350.625
2013-09-18,9184.041666666666
2013-09-19,9508.958333333334
2013-09-20,9823.625
2013-09-21,9277.625
2013-09-22,9059.208333333334
2013-09-23,8988.375
2013-09-24,9165.791666666666
2013-09-25,9192.375
2013-09-26,9475.208333333334
2013-09-27,9133.333333333334
2013-09-28,8468.541666666666
2013-09-29,8488.5
2013-09-30,9217.625
2013-10-01,9732.083333333334
2013-10-02,10343.0
2013-10-03,10504.458333333334
2013-10-04,10966.0
2013-10-05,10843.083333333334
2013-10-06,10851.333333333334
2013-10-07,10683.416666666666
2013-10-08,9011.5
2013-10-09,9069.375
2013-10-10,9292.333333333334
2013-10-11,9090.916666666666
2013-10-12,8584.041666666666
2013-10-13,8543.625
2013-10-14,9067.916666666666
2013-10-15,9131.0
2013-10-16,9280.333333333334
2013-10-17,9578.958333333334
2013-10-18,9040.416666666666
2013-10-19,8405.75
2013-10-20,8320.833333333334
2013-10-21,9216.791666666666
2013-10-22,9013.166666666666
2013-10-23,9085.75
2013-10-24,9754.75
2013-10-25,10089.041666666666
2013-10-26,9763.958333333334
2013-10-27,8877.75
2013-10-28,9555.0
2013-10-29,9250.583333333334
2013-10-30,9209.416666666666
2013-10-31,9123.375
2013-11-01,9177.125
2013-11-02,8361.583333333334
2013-11-03,8759.434782608696
2013-11-04,10285.416666666666
2013-11-05,10172.416666666666
2013-11-06,9417.791666666666
2013-11-07,9233.916666666666
2013-11-08,10078.0
2013-11-09,10173.25
2013-11-10,9156.291666666666
2013-11-11,9946.25
2013-11-12,10879.958333333334
2013-11-13,12086.333333333334
2013-11-14,11682.0
2013-11-15,10640.458333333334
2013-11-16,9156.291666666666
2013-11-17,8688.375
2013-11-18,9013.041666666666
2013-11-19,10029.125
2013-11-20,10926.708333333334
2013-11-21,10619.958333333334
2013-11-22,9683.208333333334
2013-11-23,9260.666666666666
2013-11-24,12368.0
2013-11-25,13541.708333333334
2013-11-26,12111.875
2013-11-27,11471.25
2013-11-28,11945.958333333334
2013-11-29,12118.583333333334
2013-11-30,11938.791666666666
2013-12-01,11385.25
2013-12-02,11318.0
2013-12-03,10873.291666666666
2013-12-04,10186.125
2013-12-05,9525.458333333334
2013-12-06,9480.416666666666
2013-12-07,10564.083333333334
2013-12-08,12610.375
2013-12-09,12557.416666666666
2013-12-10,12547.916666666666
2013-12-11,13105.666666666666
2013-12-12,13453.625
2013-12-13,13202.333333333334
2013-12-14,11947.5
2013-12-15,10892.208333333334
2013-12-16,12282.791666666666
2013-12-17,12068.583333333334
2013-12-18,12202.125
2013-12-19,11969.375
2013-12-20,10415.458333333334
2013-12-21,9043.875
2013-12-22,8704.416666666666
2013-12-23,9246.791666666666
2013-12-24,11043.416666666666
2013-12-25,12511.458333333334
2013-12-26,12724.541666666666
2013-12-27,12188.875
2013-12-28,11178.75
2013-12-29,10071.583333333334
2013-12-30,10966.416666666666
2013-12-31,11511.083333333334
2014-01-01,11650.166666666666
2014-01-02,12247.708333333334
2014-01-03,14337.041666666666
2014-01-04,14143.541666666666
2014-01-05,11610.75
2014-01-06,11740.625
2014-01-07,17442.75
2014-01-08,15936.541666666666
2014-01-09,13378.041666666666
2014-01-10,12647.208333333334
2014-01-11,10472.291666666666
2014-01-12,10003.875
2014-01-13,11242.5
2014-01-14,10657.958333333334
2014-01-15,11363.625
2014-01-16,12429.458333333334
2014-01-17,12309.958333333334
2014-01-18,12154.833333333334
2014-01-19,12093.208333333334
2014-01-20,11240.875
2014-01-21,13128.0
2014-01-22,16727.166666666668
2014-01-23,16500.208333333332
2014-01-24,16997.875
2014-01-25,15576.041666666666
2014-01-26,13549.25
2014-01-27,12361.625
2014-01-28,16448.75
2014-01-29,16738.875
2014-01-30,16204.416666666666
2014-01-31,13703.458333333334
2014-02-01,11912.333333333334
2014-02-02,10150.708333333334
2014-02-03,11471.5
2014-02-04,12834.708333333334
2014-02-05,12580.791666666666
2014-02-06,13081.416666666666
2014-02-07,12660.666666666666
2014-02-08,12664.125
2014-02-09,12583.0
2014-02-10,13363.541666666666
2014-02-11,14505.666666666666
2014-02-12,15458.958333333334
2014-02-13,13770.958333333334
2014-02-14,12005.916666666666
2014-02-15,12105.041666666666
2014-02-16,12467.75
2014-02-17,13065.0
2014-02-18,11862.625
2014-02-19,10658.166666666666
2014-02-20,10412.916666666666
2014-02-21,9884.666666666666
2014-02-22,9852.666666666666
2014-02-23,9548.5
2014-02-24,10483.625
2014-02-25,12547.625
2014-02-26,12880.25
2014-02-27,13017.708333333334
2014-02-28,14272.75
2014-03-01,12546.458333333334
2014-03-02,10465.541666666666
2014-03-03,13767.208333333334
2014-03-04,15450.541666666666
2014-03-05,13443.291666666666
2014-03-06,13509.291666666666
2014-03-07,13146.666666666666
2014-03-08,10854.625
2014-03-09,9508.826086956522
2014-03-10,10638.208333333334
2014-03-11,9592.333333333334
2014-03-12,9487.958333333334
2014-03-13,12261.75
2014-03-14,11927.791666666666
2014-03-15,9065.625
2014-03-16,10069.25
2014-03-17,13557.541666666666
2014-03-18,13048.291666666666
2014-03-19,11788.5
2014-03-20,10181.416666666666
2014-03-21,10108.166666666666
2014-03-22,9000.916666666666
2014-03-23,9748.791666666666
2014-03-24,12091.0
2014-03-25,12763.416666666666
2014-03-26,12909.583333333334
2014-03-27,12247.541666666666
2014-03-28,10058.75
2014-03-29,8694.791666666666
2014-03-30,9790.0
2014-03-31,10232.208333333334
2014-04-01,9580.375
2014-04-02,9282.166666666666
2014-04-03,8915.0
2014-04-04,8947.125
2014-04-05,8299.916666666666
2014-04-06,8838.666666666666
2014-04-07,9957.958333333334
2014-04-08,9186.333333333334
2014-04-09,9049.75
2014-04-10,9197.625
2014-04-11,8914.083333333334
2014-04-12,8351.541666666666
2014-04-13,8589.541666666666
2014-04-14,9278.791666666666
2014-04-15,9266.666666666666
2014-04-16,10125.291666666666
2014-04-17,10092.041666666666
2014-04-18,9700.125
2014-04-19,8960.958333333334
2014-04-20,8511.166666666666
2014-04-21,9256.541666666666
2014-04-22,9095.5
2014-04-23,8743.458333333334
2014-04-24,9028.041666666666
2014-04-25,8943.458333333334
2014-04-26,8329.541666666666
2014-04-27,8092.708333333333
2014-04-28,8910.0
2014-04-29,9540.166666666666
2014-04-30,9527.875
2014-05-01,9454.25
2014-05-02,8920.916666666666
2014-05-03,8427.0
2014-05-04,8468.625
2014-05-05,8742.166666666666
2014-05-06,9016.666666666666
2014-05-07,9005.625
2014-05-08,10388.0
2014-05-09,10637.0
2014-05-10,9833.291666666666
2014-05-11,9574.375
2014-05-12,11018.916666666666
2014-05-13,12262.291666666666
2014-05-14,10484.041666666666
2014-05-15,10794.208333333334
2014-05-16,9821.958333333334
2014-05-17,8347.875
2014-05-18,8116.208333333333
2014-05-19,9010.958333333334
2014-05-20,9395.666666666666
2014-05-21,10520.041666666666
2014-05-22,11368.25
2014-05-23,10218.833333333334
2014-05-24,8943.666666666666
2014-05-25,9179.291666666666
2014-05-26,10357.291666666666
2014-05-27,12117.541666666666
2014-05-28,12181.583333333334
2014-05-29,9527.375
2014-05-30,9227.666666666666
2014-05-31,9096.25
2014-06-01,8826.791666666666
2014-06-02,9811.041666666666
2014-06-03,11099.75
2014-06-04,12098.958333333334
2014-06-05,11405.333333333334
2014-06-06,10478.833333333334
2014-06-07,10120.333333333334
2014-06-08,10501.791666666666
2014-06-09,11859.25
2014-06-10,12961.541666666666
2014-06-11,12685.75
2014-06-12,11386.916666666666
2014-06-13,11768.166666666666
2014-06-14,10432.666666666666
2014-06-15,10129.916666666666
2014-06-16,12693.75
2014-06-17,14018.833333333334
2014-06-18,14700.791666666666
2014-06-19,13746.333333333334
2014-06-20,12094.625
2014-06-21,10869.25
2014-06-22,10408.958333333334
2014-06-23,11357.625
2014-06-24,12187.458333333334
2014-06-25,13209.875
2014-06-26,13277.75
2014-06-27,12756.75
2014-06-28,11519.875
2014-06-29,10836.416666666666
2014-06-30,12510.583333333334
2014-07-01,13707.291666666666
2014-07-02,14743.541666666666
2014-07-03,13804.916666666666
2014-07-04,11080.541666666666
2014-07-05,9909.0
2014-07-06,10584.5
2014-07-07,13057.416666666666
2014-07-08,14089.666666666666
2014-07-09,12973.541666666666
2014-07-10,11818.375
2014-07-11,11881.5
2014-07-12,12163.333333333334
2014-07-13,12810.708333333334
2014-07-14,14059.125
2014-07-15,13445.041666666666
2014-07-16,11579.916666666666
2014-07-17,11382.875
2014-07-18,11316.541666666666
2014-07-19,10484.541666666666
2014-07-20,10874.625
2014-07-21,11766.708333333334
2014-07-22,12612.25
2014-07-23,13787.0
2014-07-24,12177.875
2014-07-25,11400.041666666666
2014-07-26,11566.416666666666
2014-07-27,11616.416666666666
2014-07-28,12607.375
2014-07-29,10765.333333333334
2014-07-30,10547.208333333334
2014-07-31,11428.166666666666
2014-08-01,10764.75
2014-08-02,9846.208333333334
2014-08-03,10548.791666666666
2014-08-04,11753.5
2014-08-05,12336.375
2014-08-06,12219.291666666666
2014-08-07,11867.916666666666
2014-08-08,11149.041666666666
2014-08-09,10486.708333333334
2014-08-10,10770.208333333334
2014-08-11,11215.416666666666
2014-08-12,11695.416666666666
2014-08-13,11989.416666666666
2014-08-14,11081.083333333334
2014-08-15,10800.875
2014-08-16,10772.208333333334
2014-08-17,11085.791666666666
2014-08-18,11757.458333333334
2014-08-19,11989.958333333334
2014-08-20,12247.625
2014-08-21,12579.125
2014-08-22,12147.208333333334
2014-08-23,10705.0
2014-08-24,10126.125
2014-08-25,10735.916666666666
2014-08-26,11257.416666666666
2014-08-27,11809.041666666666
2014-08-28,12536.291666666666
2014-08-29,11388.958333333334
2014-08-30,11267.166666666666
2014-08-31,12512.416666666666
2014-09-01,13366.583333333334
2014-09-02,14339.958333333334
2014-09-03,13386.416666666666
2014-09-04,12931.166666666666
2014-09-05,13264.291666666666
2014-09-06,13240.541666666666
2014-09-07,11038.541666666666
2014-09-08,10380.875
2014-09-09,10585.166666666666
2014-09-10,11178.083333333334
2014-09-11,12204.5
2014-09-12,10972.125
2014-09-13,9698.583333333334
2014-09-14,8889.041666666666
2014-09-15,9706.666666666666
2014-09-16,10345.541666666666
2014-09-17,9977.541666666666
2014-09-18,9910.875
2014-09-19,9734.125
2014-09-20,9511.541666666666
2014-09-21,10092.416666666666
2014-09-22,10191.875
2014-09-23,9036.583333333334
2014-09-24,9095.583333333334
2014-09-25,9374.208333333334
2014-09-26,9559.625
2014-09-27,8966.833333333334
2014-09-28,8946.5
2014-09-29,9371.333333333334
2014-09-30,9671.0
2014-10-01,9698.375
2014-10-02,9706.166666666666
2014-10-03,9539.875
2014-10-04,8915.625
2014-10-05,8147.0
2014-10-06,8998.333333333334
2014-10-07,9155.041666666666
2014-10-08,9671.75
2014-10-09,9271.333333333334
2014-10-10,9182.208333333334
2014-10-11,8695.875
2014-10-12,8349.75
2014-10-13,9429.083333333334
2014-10-14,10225.416666666666
2014-10-15,10224.625
2014-10-16,9236.583333333334
2014-10-17,9140.083333333334
2014-10-18,8460.166666666666
2014-10-19,8318.291666666666
2014-10-20,9293.791666666666
2014-10-21,9119.958333333334
2014-10-22,9247.333333333334
2014-10-23,9252.458333333334
2014-10-24,9048.916666666666
2014-10-25,8642.291666666666
2014-10-26,8373.791666666666
2014-10-27,9285.291666666666
2014-10-28,9387.75
2014-10-29,9202.416666666666
2014-10-30,9056.458333333334
2014-10-31,9339.916666666666
2014-11-01,9457.833333333334
2014-11-02,9871.52
2014-11-03,10333.291666666666
2014-11-04,9516.791666666666
2014-11-05,9227.916666666666
2014-11-06,9262.708333333334
2014-11-07,9547.416666666666
2014-11-08,9977.291666666666
2014-11-09,9251.083333333334
2014-11-10,10039.666666666666
2014-11-11,9717.541666666666
2014-11-12,9246.916666666666
2014-11-13,10382.375
2014-11-14,11483.666666666666
2014-11-15,11710.291666666666
2014-11-16,11034.458333333334
2014-11-17,10583.25
2014-11-18,12383.416666666666
2014-11-19,13707.416666666666
2014-11-20,11884.75
2014-11-21,12435.666666666666
2014-11-22,12337.541666666666
2014-11-23,10706.208333333334
2014-11-24,9418.916666666666
2014-11-25,9365.041666666666
2014-11-26,11202.416666666666
2014-11-27,10945.166666666666
2014-11-28,11793.791666666666
2014-11-29,11746.583333333334
2014-11-30,10134.041666666666
2014-12-01,9653.125
2014-12-02,11167.083333333334
2014-12-03,11039.75
2014-12-04,11276.458333333334
2014-12-05,11168.041666666666
2014-12-06,10172.583333333334
2014-12-07,10895.583333333334
2014-12-08,12572.5
2014-12-09,12566.458333333334
2014-12-10,11732.041666666666
2014-12-11,12423.375
2014-12-12,12048.208333333334
2014-12-13,11758.458333333334
2014-12-14,11327.541666666666
2014-12-15,11400.0
2014-12-16,11605.5
2014-12-17,10862.166666666666
2014-12-18,11991.833333333334
2014-12-19,12229.333333333334
2014-12-20,12627.458333333334
2014-12-21,11707.208333333334
2014-12-22,12555.791666666666
2014-12-23,11571.458333333334
2014-12-24,10103.125
2014-12-25,8795.0
2014-12-26,10625.083333333334
2014-12-27,10368.333333333334
2014-12-28,9355.5
2014-12-29,10781.583333333334
2014-12-30,11977.333333333334
2014-12-31,13190.708333333334
2015-01-01,12179.166666666666
2015-01-02,11252.833333333334
2015-01-03,10966.25
2015-01-04,9584.833333333334
2015-01-05,10981.041666666666
2015-01-06,13222.958333333334
2015-01-07,14866.833333333334
2015-01-08,17235.666666666668
2015-01-09,14440.208333333334
2015-01-10,14353.083333333334
2015-01-11,14106.0
2015-01-12,12409.583333333334
2015-01-13,12887.875
2015-01-14,14545.541666666666
2015-01-15,13440.791666666666
2015-01-16,12613.708333333334
2015-01-17,12320.458333333334
2015-01-18,11319.666666666666
2015-01-19,11507.625
2015-01-20,11929.833333333334
2015-01-21,12376.875
2015-01-22,12549.166666666666
2015-01-23,12819.791666666666
2015-01-24,12042.25
2015-01-25,11364.25
2015-01-26,12333.041666666666
2015-01-27,13917.916666666666
2015-01-28,13871.625
2015-01-29,14008.625
2015-01-30,12646.75
2015-01-31,14009.208333333334
2015-02-01,12618.083333333334
2015-02-02,11775.375
2015-02-03,13804.875
2015-02-04,12570.625
2015-02-05,12815.541666666666
2015-02-06,14814.125
2015-02-07,12101.625
2015-02-08,10171.708333333334
2015-02-09,10742.5
2015-02-10,13473.5
2015-02-11,13091.083333333334
2015-02-12,13297.208333333334
2015-02-13,15491.625
2015-02-14,14094.541666666666
2015-02-15,16814.041666666668
2015-02-16,18023.458333333332
2015-02-17,15673.958333333334
2015-02-18,15189.25
2015-02-19,17460.0
2015-02-20,18789.666666666668
2015-02-21,16883.166666666668
2015-02-22,12227.791666666666
2015-02-23,13865.208333333334
2015-02-24,16303.291666666666
2015-02-25,14418.041666666666
2015-02-26,13860.291666666666
2015-02-27,13866.5
2015-02-28,14380.041666666666
2015-03-01,14393.166666666666
2015-03-02,12595.833333333334
2015-03-03,13582.958333333334
2015-03-04,11362.333333333334
2015-03-05,12989.833333333334
2015-03-06,15362.791666666666
2015-03-07,13628.666666666666
2015-03-08,10490.95652173913
2015-03-09,10346.75
2015-03-10,10474.041666666666
2015-03-11,9682.166666666666
2015-03-12,9892.125
2015-03-13,10767.916666666666
2015-03-14,9737.958333333334
2015-03-15,9090.708333333334
2015-03-16,10137.583333333334
2015-03-17,9350.625
2015-03-18,10541.0
2015-03-19,10896.625
2015-03-20,11463.166666666666
2015-03-21,10178.625
2015-03-22,9290.625
2015-03-23,10561.833333333334
2015-03-24,10964.5
2015-03-25,10772.833333333334
2015-03-26,9467.083333333334
2015-03-27,9909.666666666666
2015-03-28,11293.375
2015-03-29,11663.625
2015-03-30,10598.083333333334
2015-03-31,9765.625
2015-04-01,9484.958333333334
2015-04-02,9640.291666666666
2015-04-03,8854.208333333334
2015-04-04,8244.291666666666
2015-04-05,8669.541666666666
2015-04-06,9000.0
2015-04-07,8941.125
2015-04-08,9100.333333333334
2015-04-09,9667.125
2015-04-10,9556.666666666666
2015-04-11,8343.625
2015-04-12,8405.083333333334
2015-04-13,9171.333333333334
2015-04-14,9241.041666666666
2015-04-15,8961.958333333334
2015-04-16,9024.125
2015-04-17,9217.833333333334
2015-04-18,8889.666666666666
2015-04-19,8366.916666666666
2015-04-20,9538.25
2015-04-21,9085.0
2015-04-22,8961.083333333334
2015-04-23,8934.5
2015-04-24,9114.041666666666
2015-04-25,9160.166666666666
2015-04-26,8962.125
2015-04-27,9300.416666666666
2015-04-28,9239.333333333334
2015-04-29,9165.625
2015-04-30,9015.458333333334
2015-05-01,9040.833333333334
2015-05-02,8474.416666666666
2015-05-03,8578.208333333334
2015-05-04,9680.708333333334
2015-05-05,10172.291666666666
2015-05-06,10206.916666666666
2015-05-07,10068.458333333334
2015-05-08,10207.791666666666
2015-05-09,9763.083333333334
2015-05-10,10158.416666666666
2015-05-11,10994.541666666666
2015-05-12,11866.416666666666
2015-05-13,9953.875
2015-05-14,9058.833333333334
2015-05-15,9296.708333333334
2015-05-16,10133.458333333334
2015-05-17,10703.125
2015-05-18,12336.125
2015-05-19,12505.166666666666
2015-05-20,10538.083333333334
2015-05-21,9085.875
2015-05-22,9049.541666666666
2015-05-23,8448.875
2015-05-24,8997.208333333334
2015-05-25,10259.958333333334
2015-05-26,11632.083333333334
2015-05-27,12536.75
2015-05-28,12295.5
2015-05-29,11946.916666666666
2015-05-30,11590.791666666666
2015-05-31,11908.666666666666
2015-06-01,12783.833333333334
2015-06-02,10663.0
2015-06-03,9311.458333333334
2015-06-04,9276.125
2015-06-05,9321.958333333334
2015-06-06,9832.5
2015-06-07,9757.708333333334
2015-06-08,11318.708333333334
2015-06-09,12123.0
2015-06-10,11866.875
2015-06-11,13158.375
2015-06-12,13910.416666666666
2015-06-13,13150.5
2015-06-14,13100.5
2015-06-15,14145.75
2015-06-16,14655.166666666666
2015-06-17,12942.25
2015-06-18,13289.041666666666
2015-06-19,13254.208333333334
2015-06-20,12988.958333333334
2015-06-21,13314.125
2015-06-22,14242.5
2015-06-23,14909.125
2015-06-24,13225.541666666666
2015-06-25,12546.625
2015-06-26,11580.375
2015-06-27,10710.291666666666
2015-06-28,10505.375
2015-06-29,11097.0
2015-06-30,12534.958333333334
2015-07-01,12387.0
2015-07-02,11451.208333333334
2015-07-03,10667.458333333334
2015-07-04,10766.791666666666
2015-07-05,11077.291666666666
2015-07-06,12491.375
2015-07-07,13388.583333333334
2015-07-08,13467.25
2015-07-09,14110.625
2015-07-10,13672.166666666666
2015-07-11,11517.083333333334
2015-07-12,11308.166666666666
2015-07-13,11852.625
2015-07-14,12783.166666666666
2015-07-15,12902.333333333334
2015-07-16,11737.541666666666
2015-07-17,11997.833333333334
2015-07-18,12525.875
2015-07-19,13580.583333333334
2015-07-20,14910.666666666666
2015-07-21,14292.083333333334
2015-07-22,12950.375
2015-07-23,12185.958333333334
2015-07-24,12234.0
2015-07-25,11770.583333333334
2015-07-26,12194.916666666666
2015-07-27,13061.416666666666
2015-07-28,13334.416666666666
2015-07-29,13504.333333333334
2015-07-30,14013.375
2015-07-31,13222.791666666666
2015-08-01,12334.458333333334
2015-08-02,11984.25
2015-08-03,13154.958333333334
2015-08-04,14064.208333333334
2015-08-05,13770.458333333334
2015-08-06,12528.333333333334
2015-08-07,11194.333333333334
2015-08-08,10963.125
2015-08-09,11163.375
2015-08-10,11379.458333333334
2015-08-11,12465.875
2015-08-12,12078.75
2015-08-13,11677.75
2015-08-14,11632.875
2015-08-15,11358.833333333334
2015-08-16,11856.416666666666
2015-08-17,13372.875
2015-08-18,12939.416666666666
2015-08-19,12983.291666666666
2015-08-20,13225.041666666666
2015-08-21,12322.875
2015-08-22,11129.958333333334
2015-08-23,10884.583333333334
2015-08-24,12727.208333333334
2015-08-25,12395.583333333334
2015-08-26,11296.791666666666
2015-08-27,11001.333333333334
2015-08-28,11173.916666666666
2015-08-29,10941.583333333334
2015-08-30,11140.625
2015-08-31,12105.0
2015-09-01,12959.958333333334
2015-09-02,13034.125
2015-09-03,13045.333333333334
2015-09-04,12924.166666666666
2015-09-05,11659.291666666666
2015-09-06,10812.791666666666
2015-09-07,11868.083333333334
2015-09-08,13020.125
2015-09-09,13708.833333333334
2015-09-10,12525.041666666666
2015-09-11,11475.041666666666
2015-09-12,10318.375
2015-09-13,9336.5
2015-09-14,9544.166666666666
2015-09-15,10055.0
2015-09-16,10424.0
2015-09-17,10768.166666666666
2015-09-18,10904.083333333334
2015-09-19,10855.166666666666
2015-09-20,10257.875
2015-09-21,9967.583333333334
2015-09-22,9784.916666666666
2015-09-23,9877.583333333334
2015-09-24,9739.333333333334
2015-09-25,9537.541666666666
2015-09-26,8824.583333333334
2015-09-27,9046.541666666666
2015-09-28,10612.25
2015-09-29,11168.375
2015-09-30,11112.166666666666
2015-10-01,9299.583333333334
2015-10-02,9029.333333333334
2015-10-03,8916.625
2015-10-04,8650.0
2015-10-05,8938.416666666666
2015-10-06,9074.458333333334
2015-10-07,9302.375
2015-10-08,9535.416666666666
2015-10-09,9817.041666666666
2015-10-10,8487.0
2015-10-11,8263.416666666666
2015-10-12,9143.291666666666
2015-10-13,9479.041666666666
2015-10-14,9247.041666666666
2015-10-15,9053.416666666666
2015-10-16,9002.375
2015-10-17,8672.375
2015-10-18,9279.708333333334
2015-10-19,10222.291666666666
2015-10-20,9866.0
2015-10-21,9454.541666666666
2015-10-22,9350.25
2015-10-23,9031.291666666666
2015-10-24,8447.125
2015-10-25,8453.083333333334
2015-10-26,9095.375
2015-10-27,9599.208333333334
2015-10-28,9446.041666666666
2015-10-29,9276.791666666666
2015-10-30,8896.875
2015-10-31,8849.708333333334
2015-11-01,8454.92
2015-11-02,9092.208333333334
2015-11-03,9261.166666666666
2015-11-04,9238.125
2015-11-05,9428.125
2015-11-06,9695.666666666666
2015-11-07,8770.875
2015-11-08,8717.666666666666
2015-11-09,10134.208333333334
2015-11-10,9571.375
2015-11-11,9307.166666666666
2015-11-12,9472.541666666666
2015-11-13,9191.5
2015-11-14,9487.958333333334
2015-11-15,9778.375
2015-11-16,9900.958333333334
2015-11-17,9653.833333333334
2015-11-18,9375.541666666666
2015-11-19,9272.916666666666
2015-11-20,9243.291666666666
2015-11-21,9712.25
2015-11-22,9844.708333333334
2015-11-23,11775.375
2015-11-24,11505.041666666666
2015-11-25,10953.5
2015-11-26,9365.125
2015-11-27,8911.375
2015-11-28,8664.083333333334
2015-11-29,8795.083333333334
2015-11-30,10727.625
2015-12-01,10581.458333333334
2015-12-02,9873.458333333334
2015-12-03,10292.5
2015-12-04,11206.916666666666
2015-12-05,10986.041666666666
2015-12-06,10863.625
2015-12-07,11034.541666666666
2015-12-08,10773.833333333334
2015-12-09,10933.25
2015-12-10,10079.125
2015-12-11,9763.25
2015-12-12,9011.125
2015-12-13,8819.875
2015-12-14,9464.708333333334
2015-12-15,9307.958333333334
2015-12-16,9962.333333333334
2015-12-17,10042.041666666666
2015-12-18,10351.75
2015-12-19,11500.583333333334
2015-12-20,11465.916666666666
2015-12-21,10907.708333333334
2015-12-22,9776.666666666666
2015-12-23,9527.291666666666
2015-12-24,9241.958333333334
2015-12-25,8864.166666666666
2015-12-26,8469.875
2015-12-27,8537.958333333334
2015-12-28,9553.458333333334
2015-12-29,9771.166666666666
2015-12-30,9411.208333333334
2015-12-31,9188.625
2016-01-01,9774.166666666666
2016-01-02,10732.916666666666
2016-01-03,10941.625
2016-01-04,12767.833333333334
2016-01-05,15093.833333333334
2016-01-06,13992.583333333334
2016-01-07,11862.791666666666
2016-01-08,11354.833333333334
2016-01-09,10131.75
2016-01-10,9321.0
2016-01-11,12188.833333333334
2016-01-12,12803.25
2016-01-13,13491.583333333334
2016-01-14,12393.416666666666
2016-01-15,11362.875
2016-01-16,10074.291666666666
2016-01-17,11831.208333333334
2016-01-18,14513.333333333334
2016-01-19,16552.833333333332
2016-01-20,15569.916666666666
2016-01-21,14287.333333333334
2016-01-22,15510.625
2016-01-23,15290.5
2016-01-24,13633.875
2016-01-25,13827.291666666666
2016-01-26,11792.958333333334
2016-01-27,11592.166666666666
2016-01-28,12859.25
2016-01-29,12303.833333333334
2016-01-30,12127.541666666666
2016-01-31,10267.833333333334
2016-02-01,9881.916666666666
2016-02-02,10378.125
2016-02-03,10462.583333333334
2016-02-04,10115.25
2016-02-05,12016.375
2016-02-06,12339.708333333334
2016-02-07,12367.458333333334
2016-02-08,11994.791666666666
2016-02-09,12106.625
2016-02-10,13317.458333333334
2016-02-11,14797.833333333334
2016-02-12,15106.375
2016-02-13,15102.791666666666
2016-02-14,16033.833333333334
2016-02-15,15373.291666666666
2016-02-16,11908.583333333334
2016-02-17,11472.25
2016-02-18,12353.833333333334
2016-02-19,12994.791666666666
2016-02-20,10123.041666666666
2016-02-21,9282.041666666666
2016-02-22,10206.833333333334
2016-02-23,11227.041666666666
2016-02-24,10629.75
2016-02-25,10700.791666666666
2016-02-26,11703.708333333334
2016-02-27,11684.666666666666
2016-02-28,10344.166666666666
2016-02-29,9616.083333333334
2016-03-01,9847.583333333334
2016-03-02,10119.333333333334
2016-03-03,12216.333333333334
2016-03-04,12447.625
2016-03-05,11417.458333333334
2016-03-06,10637.625
2016-03-07,10896.291666666666
2016-03-08,9490.166666666666
2016-03-09,9316.25
2016-03-10,9336.708333333334
2016-03-11,9200.75
2016-03-12,8471.916666666666
2016-03-13,8528.478260869566
2016-03-14,9279.708333333334
2016-03-15,9305.916666666666
2016-03-16,9346.708333333334
2016-03-17,9011.75
2016-03-18,8936.083333333334
2016-03-19,9510.583333333334
2016-03-20,10501.75
2016-03-21,10697.5
2016-03-22,10458.166666666666
2016-03-23,9245.583333333334
2016-03-24,8922.875
2016-03-25,8823.583333333334
2016-03-26,8223.25
2016-03-27,8434.291666666666
2016-03-28,8832.25
2016-03-29,8850.166666666666
2016-03-30,9233.166666666666
2016-03-31,8989.791666666666
2016-04-01,9306.125
2016-04-02,8370.958333333334
2016-04-03,8787.208333333334
2016-04-04,9287.958333333334
2016-04-05,10155.666666666666
2016-04-06,10774.166666666666
2016-04-07,9365.0
2016-04-08,9521.25
2016-04-09,9820.625
2016-04-10,10176.875
2016-04-11,9578.791666666666
2016-04-12,9054.583333333334
2016-04-13,9386.333333333334
2016-04-14,9636.333333333334
2016-04-15,9414.833333333334
2016-04-16,8849.875
2016-04-17,8632.958333333334
2016-04-18,9499.25
2016-04-19,9511.166666666666
2016-04-20,8907.833333333334
2016-04-21,9113.333333333334
2016-04-22,9179.25
2016-04-23,8510.333333333334
2016-04-24,8182.375
2016-04-25,9279.041666666666
2016-04-26,10017.333333333334
2016-04-27,9412.75
2016-04-28,8869.458333333334
2016-04-29,8931.0
2016-04-30,8412.958333333334
2016-05-01,8518.875
2016-05-02,9749.708333333334
2016-05-03,9574.166666666666
2016-05-04,8968.041666666666
2016-05-05,9085.666666666666
2016-05-06,9130.083333333334
2016-05-07,8470.333333333334
2016-05-08,8371.666666666666
2016-05-09,9103.125
2016-05-10,9093.791666666666
2016-05-11,9269.041666666666
2016-05-12,9296.75
2016-05-13,9519.333333333334
2016-05-14,8787.458333333334
2016-05-15,8222.708333333334
2016-05-16,9046.583333333334
2016-05-17,9144.916666666666
2016-05-18,9131.333333333334
2016-05-19,9032.375
2016-05-20,9109.708333333334
2016-05-21,8509.541666666666
2016-05-22,8408.833333333334
2016-05-23,9131.833333333334
2016-05-24,9692.916666666666
2016-05-25,10642.416666666666
2016-05-26,11474.583333333334
2016-05-27,12221.458333333334
2016-05-28,11452.583333333334
2016-05-29,10410.833333333334
2016-05-30,10444.25
2016-05-31,11747.125
2016-06-01,11813.333333333334
2016-06-02,11527.833333333334
2016-06-03,11846.458333333334
2016-06-04,11008.25
2016-06-05,11494.541666666666
2016-06-06,12186.0
2016-06-07,12153.666666666666
2016-06-08,10245.208333333334
2016-06-09,10137.208333333334
2016-06-10,10659.625
2016-06-11,11964.291666666666
2016-06-12,12858.541666666666
2016-06-13,11152.166666666666
2016-06-14,11283.291666666666
2016-06-15,11618.625
2016-06-16,12846.083333333334
2016-06-17,10554.541666666666
2016-06-18,10134.25
2016-06-19,10403.958333333334
2016-06-20,11969.708333333334
2016-06-21,12432.833333333334
2016-06-22,12328.875
2016-06-23,11671.083333333334
2016-06-24,12135.291666666666
2016-06-25,11325.583333333334
2016-06-26,10935.166666666666
2016-06-27,12221.0
2016-06-28,12409.0
2016-06-29,12020.875
2016-06-30,11823.083333333334
2016-07-01,12290.916666666666
2016-07-02,11152.791666666666
2016-07-03,9500.875
2016-07-04,9697.125
2016-07-05,13107.0
2016-07-06,14159.458333333334
2016-07-07,14350.916666666666
2016-07-08,14044.291666666666
2016-07-09,13256.458333333334
2016-07-10,12290.333333333334
2016-07-11,12869.833333333334
2016-07-12,13204.083333333334
2016-07-13,13933.625
2016-07-14,14801.416666666666
2016-07-15,14485.583333333334
2016-07-16,12771.916666666666
2016-07-17,12718.666666666666
2016-07-18,14295.416666666666
2016-07-19,13578.75
2016-07-20,12946.208333333334
2016-07-21,13097.291666666666
2016-07-22,13983.291666666666
2016-07-23,14562.125
2016-07-24,14910.833333333334
2016-07-25,15967.5
2016-07-26,15632.458333333334
2016-07-27,14915.333333333334
2016-07-28,14981.833333333334
2016-07-29,13991.791666666666
2016-07-30,12628.583333333334
2016-07-31,12568.5
2016-08-01,13792.0
2016-08-02,13373.791666666666
2016-08-03,12604.375
2016-08-04,12400.25
2016-08-05,12297.875
2016-08-06,13127.958333333334
2016-08-07,12459.833333333334
2016-08-08,11750.375
2016-08-09,11952.5
2016-08-10,14129.458333333334
2016-08-11,14897.0
2016-08-12,15338.291666666666
2016-08-13,15428.875
2016-08-14,15306.833333333334
2016-08-15,14924.958333333334
2016-08-16,14877.291666666666
2016-08-17,15217.5
2016-08-18,14179.041666666666
2016-08-19,13371.5
2016-08-20,12864.0
2016-08-21,12916.583333333334
2016-08-22,12284.666666666666
2016-08-23,11707.708333333334
2016-08-24,11908.0
2016-08-25,12997.958333333334
2016-08-26,14442.708333333334
2016-08-27,13756.541666666666
2016-08-28,12746.208333333334
2016-08-29,13394.5
2016-08-30,13442.041666666666
2016-08-31,13504.0
2016-09-01,12657.083333333334
2016-09-02,11085.625
2016-09-03,9877.458333333334
2016-09-04,9845.625
2016-09-05,10310.625
2016-09-06,12164.625
2016-09-07,12875.083333333334
2016-09-08,13847.791666666666
2016-09-09,14153.166666666666
2016-09-10,13536.875
2016-09-11,12338.625
2016-09-12,11690.916666666666
2016-09-13,12170.25
2016-09-14,12838.291666666666
2016-09-15,11278.208333333334
2016-09-16,10789.541666666666
2016-09-17,10863.666666666666
2016-09-18,11801.208333333334
2016-09-19,11790.875
2016-09-20,11067.083333333334
2016-09-21,11087.25
2016-09-22,11383.333333333334
2016-09-23,11522.708333333334
2016-09-24,10671.25
2016-09-25,9375.458333333334
2016-09-26,9662.25
2016-09-27,10177.416666666666
2016-09-28,10276.0
2016-09-29,10337.583333333334
2016-09-30,10087.0
2016-10-01,9790.333333333334
2016-10-02,9534.458333333334
2016-10-03,10057.75
2016-10-04,9750.875
2016-10-05,9460.583333333334
2016-10-06,9434.583333333334
2016-10-07,9811.625
2016-10-08,9276.833333333334
2016-10-09,7912.833333333333
2016-10-10,8675.083333333334
2016-10-11,9160.791666666666
2016-10-12,9274.041666666666
2016-10-13,9286.5
2016-10-14,8929.5
2016-10-15,8437.666666666666
2016-10-16,8631.125
2016-10-17,9838.958333333334
2016-10-18,10379.166666666666
2016-10-19,11017.75
2016-10-20,11075.333333333334
2016-10-21,9989.083333333334
2016-10-22,8368.041666666666
2016-10-23,8595.208333333334
2016-10-24,9033.958333333334
2016-10-25,9134.625
2016-10-26,9402.5
2016-10-27,9423.375
2016-10-28,8980.333333333334
2016-10-29,8772.0
2016-10-30,8747.416666666666
2016-10-31,8941.875
2016-11-01,9333.708333333334
2016-11-02,9359.875
2016-11-03,9512.166666666666
2016-11-04,8944.333333333334
2016-11-05,8822.083333333334
2016-11-06,8881.32
2016-11-07,9595.416666666666
2016-11-08,10001.583333333334
2016-11-09,9632.75
2016-11-10,9805.583333333334
2016-11-11,9554.125
2016-11-12,9714.416666666666
2016-11-13,10390.333333333334
2016-11-14,10867.083333333334
2016-11-15,9938.208333333334
2016-11-16,10209.125
2016-11-17,9946.583333333334
2016-11-18,9930.583333333334
2016-11-19,9213.208333333334
2016-11-20,10569.75
2016-11-21,11831.208333333334
2016-11-22,11998.708333333334
2016-11-23,11619.833333333334
2016-11-24,9585.291666666666
2016-11-25,9063.083333333334
2016-11-26,9440.5
2016-11-27,10543.458333333334
2016-11-28,11495.916666666666
2016-11-29,10033.041666666666
2016-11-30,9592.833333333334
2016-12-01,9465.25
2016-12-02,10587.5
2016-12-03,10653.291666666666
2016-12-04,11071.583333333334
2016-12-05,10840.083333333334
2016-12-06,11285.958333333334
2016-12-07,10781.958333333334
2016-12-08,11578.791666666666
2016-12-09,12843.791666666666
2016-12-10,13036.333333333334
2016-12-11,12616.0
2016-12-12,11135.083333333334
2016-12-13,11315.583333333334
2016-12-14,11402.916666666666
2016-12-15,13689.583333333334
2016-12-16,15950.375
2016-12-17,12687.625
2016-12-18,9884.25
2016-12-19,12783.125
2016-12-20,13443.875
2016-12-21,12988.541666666666
2016-12-22,11391.833333333334
2016-12-23,11762.458333333334
2016-12-24,10618.916666666666
2016-12-25,10042.791666666666
2016-12-26,10330.583333333334
2016-12-27,9640.875
2016-12-28,10339.208333333334
2016-12-29,11238.125
2016-12-30,12066.5
2016-12-31,12110.0
2017-01-01,10150.625
2017-01-02,10699.041666666666
2017-01-03,11065.375
2017-01-04,10570.458333333334
2017-01-05,12719.166666666666
2017-01-06,13137.458333333334
2017-01-07,15550.041666666666
2017-01-08,17026.041666666668
2017-01-09,17440.75
2017-01-10,15556.125
2017-01-11,11878.666666666666
2017-01-12,10050.75
2017-01-13,9777.375
2017-01-14,11356.416666666666
2017-01-15,10926.75
2017-01-16,11621.041666666666
2017-01-17,11073.791666666666
2017-01-18,10066.416666666666
2017-01-19,10934.625
2017-01-20,11175.0
2017-01-21,10038.083333333334
2017-01-22,9915.5
2017-01-23,10899.458333333334
2017-01-24,11508.75
2017-01-25,10618.333333333334
2017-01-26,10155.583333333334
2017-01-27,11689.541666666666
2017-01-28,11735.958333333334
2017-01-29,11473.083333333334
2017-01-30,12806.958333333334
2017-01-31,12528.5
2017-02-01,11201.208333333334
2017-02-02,11003.208333333334
2017-02-03,12623.708333333334
2017-02-04,12943.833333333334
2017-02-05,11669.0
2017-02-06,10984.583333333334
2017-02-07,9791.291666666666
2017-02-08,9244.583333333334
2017-02-09,11170.291666666666
2017-02-10,13588.5
2017-02-11,10557.708333333334
2017-02-12,9186.166666666666
2017-02-13,10600.833333333334
2017-02-14,11916.791666666666
2017-02-15,11292.625
2017-02-16,12442.291666666666
2017-02-17,11991.208333333334
2017-02-18,9917.666666666666
2017-02-19,8596.833333333334
2017-02-20,9285.25
2017-02-21,10014.875
2017-02-22,9980.083333333334
2017-02-23,9418.333333333334
2017-02-24,9233.083333333334
2017-02-25,8617.291666666666
2017-02-26,9506.875
2017-02-27,10894.0
2017-02-28,9774.833333333334
2017-03-01,9392.041666666666
2017-03-02,9574.541666666666
2017-03-03,11388.708333333334
2017-03-04,11598.083333333334
2017-03-05,11804.291666666666
2017-03-06,11456.625
2017-03-07,9687.541666666666
2017-03-08,9228.791666666666
2017-03-09,9496.166666666666
2017-03-10,10176.625
2017-03-11,11425.958333333334
2017-03-12,11594.565217391304
2017-03-13,12531.666666666666
2017-03-14,12730.208333333334
2017-03-15,14359.5
2017-03-16,13116.458333333334
2017-03-17,12057.375
2017-03-18,10095.833333333334
2017-03-19,10397.083333333334
2017-03-20,10804.375
2017-03-21,9715.958333333334
2017-03-22,9891.458333333334
2017-03-23,11373.541666666666
2017-03-24,10716.666666666666
2017-03-25,8592.125
2017-03-26,8412.75
2017-03-27,9187.666666666666
2017-03-28,9115.791666666666
2017-03-29,8897.041666666666
2017-03-30,9301.083333333334
2017-03-31,9499.0
2017-04-01,8446.875
2017-04-02,8671.791666666666
2017-04-03,9327.541666666666
2017-04-04,9403.791666666666
2017-04-05,9277.625
2017-04-06,9062.041666666666
2017-04-07,9723.958333333334
2017-04-08,9364.166666666666
2017-04-09,8768.166666666666
2017-04-10,9151.916666666666
2017-04-11,9716.916666666666
2017-04-12,9758.541666666666
2017-04-13,9030.208333333334
2017-04-14,8841.458333333334
2017-04-15,8571.166666666666
2017-04-16,9647.916666666666
2017-04-17,9791.625
2017-04-18,9152.041666666666
2017-04-19,9035.125
2017-04-20,9860.291666666666
2017-04-21,10632.541666666666
2017-04-22,9074.208333333334
2017-04-23,8486.75
2017-04-24,9355.708333333334
2017-04-25,9401.708333333334
2017-04-26,9397.916666666666
2017-04-27,10147.958333333334
2017-04-28,11131.125
2017-04-29,11688.416666666666
2017-04-30,11688.166666666666
2017-05-01,11564.458333333334
2017-05-02,10408.125
2017-05-03,9310.708333333334
2017-05-04,9062.791666666666
2017-05-05,9560.708333333334
2017-05-06,8450.583333333334
2017-05-07,8378.25
2017-05-08,9010.208333333334
2017-05-09,9176.25
2017-05-10,9321.083333333334
2017-05-11,9181.833333333334
2017-05-12,9322.5
2017-05-13,8730.166666666666
2017-05-14,8790.75
2017-05-15,9488.25
2017-05-16,9893.833333333334
2017-05-17,11958.041666666666
2017-05-18,12656.708333333334
2017-05-19,12769.125
2017-05-20,10424.416666666666
2017-05-21,8800.0
2017-05-22,9873.125
2017-05-23,9549.041666666666
2017-05-24,9364.041666666666
2017-05-25,9664.625
2017-05-26,9785.791666666666
2017-05-27,9749.333333333334
2017-05-28,9325.583333333334
2017-05-29,10576.0
2017-05-30,10751.125
2017-05-31,11095.583333333334
2017-06-01,11188.875
2017-06-02,10971.333333333334
2017-06-03,10363.75
2017-06-04,11022.666666666666
2017-06-05,11135.291666666666
2017-06-06,10881.916666666666
2017-06-07,9689.791666666666
2017-06-08,9420.125
2017-06-09,10143.375
2017-06-10,10994.916666666666
2017-06-11,12388.833333333334
2017-06-12,13617.625
2017-06-13,14037.625
2017-06-14,13754.541666666666
2017-06-15,12640.916666666666
2017-06-16,12243.041666666666
2017-06-17,11816.125
2017-06-18,12859.458333333334
2017-06-19,13627.666666666666
2017-06-20,12320.625
2017-06-21,12603.333333333334
2017-06-22,13278.5
2017-06-23,13528.458333333334
2017-06-24,13299.625
2017-06-25,11852.583333333334
2017-06-26,11488.916666666666
2017-06-27,11170.5
2017-06-28,10791.875
2017-06-29,11788.541666666666
2017-06-30,12997.208333333334
2017-07-01,13072.083333333334
2017-07-02,12972.166666666666
2017-07-03,13409.208333333334
2017-07-04,12514.458333333334
2017-07-05,12567.583333333334
2017-07-06,12848.0
2017-07-07,13443.333333333334
2017-07-08,12933.791666666666
2017-07-09,11989.416666666666
2017-07-10,13226.25
2017-07-11,13822.916666666666
2017-07-12,14867.625
2017-07-13,15535.416666666666
2017-07-14,15078.916666666666
2017-07-15,13411.25
2017-07-16,12806.083333333334
2017-07-17,13575.583333333334
2017-07-18,13880.833333333334
2017-07-19,14240.666666666666
2017-07-20,15052.0
2017-07-21,15158.333333333334
2017-07-22,14272.666666666666
2017-07-23,13644.375
2017-07-24,13948.25
2017-07-25,13025.833333333334
2017-07-26,12175.25
2017-07-27,12858.25
2017-07-28,12332.875
2017-07-29,10331.166666666666
2017-07-30,10077.875
2017-07-31,11524.458333333334
2017-08-01,12342.208333333334
2017-08-02,12943.125
2017-08-03,13201.875
2017-08-04,13276.458333333334
2017-08-05,12012.791666666666
2017-08-06,10854.416666666666
2017-08-07,11766.75
2017-08-08,11378.75
2017-08-09,11383.25
2017-08-10,11516.833333333334
2017-08-11,11725.125
2017-08-12,11879.291666666666
2017-08-13,11423.166666666666
2017-08-14,11668.875
2017-08-15,12366.833333333334
2017-08-16,13252.875
2017-08-17,13699.0
2017-08-18,14435.25
2017-08-19,13254.625
2017-08-20,12386.958333333334
2017-08-21,13549.333333333334
2017-08-22,14322.0
2017-08-23,13377.875
2017-08-24,11811.041666666666
2017-08-25,11237.958333333334
2017-08-26,10662.208333333334
2017-08-27,10084.208333333334
2017-08-28,10413.625
2017-08-29,10214.458333333334
2017-08-30,10537.208333333334
2017-08-31,11732.75
2017-09-01,9986.791666666666
2017-09-02,9066.916666666666
2017-09-03,9473.875
2017-09-04,10354.791666666666
2017-09-05,11897.333333333334
2017-09-06,10561.208333333334
2017-09-07,9727.0
2017-09-08,9521.916666666666
2017-09-09,9012.291666666666
2017-09-10,8718.958333333334
2017-09-11,9458.166666666666
2017-09-12,10092.083333333334
2017-09-13,11177.666666666666
2017-09-14,11204.291666666666
2017-09-15,11394.791666666666
2017-09-16,10945.0
2017-09-17,10859.5
2017-09-18,11257.958333333334
2017-09-19,11264.791666666666
2017-09-20,11753.958333333334
2017-09-21,11811.125
2017-09-22,11286.291666666666
2017-09-23,10713.583333333334
2017-09-24,10923.916666666666
2017-09-25,11684.208333333334
2017-09-26,11581.916666666666
2017-09-27,12488.041666666666
2017-09-28,11802.125
2017-09-29,9772.125
2017-09-30,8557.666666666666
2017-10-01,8369.333333333334
2017-10-02,9134.25
2017-10-03,9389.708333333334
2017-10-04,9577.458333333334
2017-10-05,10058.5
2017-10-06,10517.666666666666
2017-10-07,10458.75
2017-10-08,11318.166666666666
2017-10-09,12413.666666666666
2017-10-10,12460.583333333334
2017-10-11,11812.583333333334
2017-10-12,10369.5
2017-10-13,9615.0
2017-10-14,9018.083333333334
2017-10-15,9561.791666666666
2017-10-16,9409.583333333334
2017-10-17,9068.875
2017-10-18,9343.416666666666
2017-10-19,9341.041666666666
2017-10-20,9194.958333333334
2017-10-21,8625.125
2017-10-22,8681.958333333334
2017-10-23,9613.541666666666
2017-10-24,9774.666666666666
2017-10-25,9008.291666666666
2017-10-26,9229.791666666666
2017-10-27,9537.916666666666
2017-10-28,8707.5
2017-10-29,8735.625
2017-10-30,9540.583333333334
2017-10-31,9554.041666666666
2017-11-01,9661.708333333334
2017-11-02,9527.708333333334
2017-11-03,9405.5
2017-11-04,8627.833333333334
2017-11-05,8798.76
2017-11-06,9437.5
2017-11-07,9812.708333333334
2017-11-08,10585.458333333334
2017-11-09,10236.666666666666
2017-11-10,10377.916666666666
2017-11-11,11936.208333333334
2017-11-12,11399.458333333334
2017-11-13,10979.708333333334
2017-11-14,11156.333333333334
2017-11-15,11242.0
2017-11-16,10250.041666666666
2017-11-17,10823.375
2017-11-18,10522.416666666666
2017-11-19,9275.75
2017-11-20,11160.083333333334
2017-11-21,10902.125
2017-11-22,9881.5
2017-11-23,10942.75
2017-11-24,11195.166666666666
2017-11-25,10219.041666666666
2017-11-26,9794.833333333334
2017-11-27,11145.625
2017-11-28,10990.666666666666
2017-11-29,10354.75
2017-11-30,10392.166666666666
2017-12-01,10244.166666666666
2017-12-02,10999.666666666666
2017-12-03,10145.541666666666
2017-12-04,11255.541666666666
2017-12-05,10431.166666666666
2017-12-06,10503.541666666666
2017-12-07,11420.5
2017-12-08,12331.333333333334
2017-12-09,13031.875
2017-12-10,12613.666666666666
2017-12-11,12518.0
2017-12-12,12437.5
2017-12-13,14454.875
2017-12-14,12726.75
2017-12-15,13659.916666666666
2017-12-16,12996.625
2017-12-17,12104.708333333334
2017-12-18,11165.541666666666
2017-12-19,10742.375
2017-12-20,10770.833333333334
2017-12-21,11974.25
2017-12-22,11323.25
2017-12-23,9635.416666666666
2017-12-24,10432.416666666666
2017-12-25,11546.041666666666
2017-12-26,12868.25
2017-12-27,13620.166666666666
2017-12-28,16251.041666666666
2017-12-29,15228.416666666666
2017-12-30,14079.125
2017-12-31,15872.833333333334
2018-01-01,17243.958333333332
2018-01-02,17806.75
2018-01-03,17230.083333333332
2018-01-04,16810.708333333332
2018-01-05,18524.166666666668
2018-01-06,18976.625
2018-01-07,18852.083333333332
2018-01-08,16268.208333333334
2018-01-09,13090.25
2018-01-10,13365.583333333334
2018-01-11,11429.5
2018-01-12,9819.916666666666
2018-01-13,11190.041666666666
2018-01-14,15508.583333333334
2018-01-15,15876.416666666666
2018-01-16,14353.875
2018-01-17,15358.125
2018-01-18,15647.416666666666
2018-01-19,13396.5
2018-01-20,11601.541666666666
2018-01-21,10653.416666666666
2018-01-22,10204.708333333334
2018-01-23,9875.708333333334
2018-01-24,11216.291666666666
2018-01-25,12433.916666666666
2018-01-26,12919.666666666666
2018-01-27,10893.333333333334
2018-01-28,9794.958333333334
2018-01-29,11548.791666666666
2018-01-30,13710.958333333334
2018-01-31,14481.875
2018-02-01,12101.5
2018-02-02,12767.541666666666
2018-02-03,14696.791666666666
2018-02-04,13049.125
2018-02-05,12899.5
2018-02-06,13152.5
2018-02-07,12468.541666666666
2018-02-08,12847.0
2018-02-09,13000.083333333334
2018-02-10,11086.333333333334
2018-02-11,9514.125
2018-02-12,10396.083333333334
2018-02-13,12647.0
2018-02-14,11707.333333333334
2018-02-15,9942.791666666666
2018-02-16,9415.041666666666
2018-02-17,11259.833333333334
2018-02-18,10727.875
2018-02-19,11391.625
2018-02-20,9931.958333333334
2018-02-21,9627.791666666666
2018-02-22,9521.0
2018-02-23,10366.041666666666
2018-02-24,9470.708333333334
2018-02-25,9211.583333333334
2018-02-26,10062.041666666666
2018-02-27,10706.666666666666
2018-02-28,10675.5
2018-03-01,10187.25
2018-03-02,10417.416666666666
2018-03-03,10669.791666666666
2018-03-04,10699.875
2018-03-05,11794.75
2018-03-06,12574.375
2018-03-07,11540.0
2018-03-08,12116.333333333334
2018-03-09,12198.625
2018-03-10,11695.541666666666
2018-03-11,11244.260869565218
2018-03-12,12753.375
2018-03-13,12567.375
2018-03-14,12737.5
2018-03-15,12099.875
2018-03-16,11299.708333333334
2018-03-17,11515.083333333334
2018-03-18,10149.916666666666
2018-03-19,10839.625
2018-03-20,11978.416666666666
2018-03-21,13510.458333333334
2018-03-22,12281.666666666666
2018-03-23,11614.916666666666
2018-03-24,11093.875
2018-03-25,10838.75
2018-03-26,11520.458333333334
2018-03-27,11959.125
2018-03-28,10362.625
2018-03-29,9436.5
2018-03-30,9064.041666666666
2018-03-31,8933.583333333334
2018-04-01,8807.583333333334
2018-04-02,9460.125
2018-04-03,10037.958333333334
2018-04-04,9437.041666666666
2018-04-05,10197.958333333334
2018-04-06,9901.416666666666
2018-04-07,9862.916666666666
2018-04-08,10626.666666666666
2018-04-09,11268.083333333334
2018-04-10,10452.875
2018-04-11,10276.375
2018-04-12,9782.625
2018-04-13,9450.416666666666
2018-04-14,9496.791666666666
2018-04-15,9175.5
2018-04-16,9342.5
2018-04-17,10231.625
2018-04-18,9995.916666666666
2018-04-19,9341.166666666666
2018-04-20,9444.583333333334
2018-04-21,8885.083333333334
2018-04-22,8416.0
2018-04-23,9097.041666666666
2018-04-24,9138.583333333334
2018-04-25,9342.916666666666
2018-04-26,8978.166666666666
2018-04-27,9059.291666666666
2018-04-28,8663.75
2018-04-29,8338.875
2018-04-30,9276.208333333334
2018-05-01,9442.25
2018-05-02,10172.333333333334
2018-05-03,11198.833333333334
2018-05-04,11491.416666666666
2018-05-05,9590.125
2018-05-06,8956.041666666666
2018-05-07,9526.541666666666
2018-05-08,9627.958333333334
2018-05-09,9699.208333333334
2018-05-10,10061.5
2018-05-11,10724.125
2018-05-12,11422.166666666666
2018-05-13,10611.791666666666
2018-05-14,11259.416666666666
2018-05-15,11946.375
2018-05-16,11208.041666666666
2018-05-17,10611.666666666666
2018-05-18,10483.333333333334
2018-05-19,9729.666666666666
2018-05-20,11197.625
2018-05-21,11463.375
2018-05-22,11160.541666666666
2018-05-23,11867.125
2018-05-24,11348.083333333334
2018-05-25,11618.666666666666
2018-05-26,12120.166666666666
2018-05-27,11834.0
2018-05-28,10904.833333333334
2018-05-29,11595.875
2018-05-30,11817.333333333334
2018-05-31,12274.25
2018-06-01,13104.625
2018-06-02,11977.666666666666
2018-06-03,10277.083333333334
2018-06-04,10408.166666666666
2018-06-05,10882.166666666666
2018-06-06,10742.0
2018-06-07,10858.0
2018-06-08,11833.541666666666
2018-06-09,12211.0
2018-06-10,11580.708333333334
2018-06-11,10299.75
2018-06-12,10194.708333333334
2018-06-13,11910.958333333334
2018-06-14,12814.5
2018-06-15,11832.458333333334
2018-06-16,11432.0
2018-06-17,12405.916666666666
2018-06-18,14212.5
2018-06-19,14713.458333333334
2018-06-20,13401.833333333334
2018-06-21,13220.375
2018-06-22,12020.125
2018-06-23,11747.166666666666
2018-06-24,12517.833333333334
2018-06-25,12539.916666666666
2018-06-26,11485.208333333334
2018-06-27,12092.625
2018-06-28,13691.791666666666
2018-06-29,13710.458333333334
2018-06-30,13433.25
2018-07-01,13996.208333333334
2018-07-02,15443.25
2018-07-03,15411.125
2018-07-04,14293.958333333334
2018-07-05,14603.291666666666
2018-07-06,14088.541666666666
2018-07-07,11228.0
2018-07-08,10540.625
2018-07-09,11551.541666666666
2018-07-10,12845.375
2018-07-11,13721.541666666666
2018-07-12,13093.75
2018-07-13,12639.958333333334
2018-07-14,11952.708333333334
2018-07-15,12292.291666666666
2018-07-16,13863.416666666666
2018-07-17,14060.041666666666
2018-07-18,12729.458333333334
2018-07-19,12352.875
2018-07-20,12362.708333333334
2018-07-21,10757.833333333334
2018-07-22,11022.166666666666
2018-07-23,12458.291666666666
2018-07-24,12255.958333333334
2018-07-25,12279.958333333334
2018-07-26,13047.916666666666
2018-07-27,13448.708333333334
2018-07-28,12424.875
2018-07-29,11961.916666666666
2018-07-30,11738.958333333334
2018-07-31,12287.0
2018-08-01,13579.708333333334
2018-08-02,12962.333333333334
2018-08-03,11385.0
